cve_id,cvss_score,cvss_severity,published,description,epss_score,epss_percentile,kev_flag,kev_date_added,kev_ransomware_use,kev_vuln_name,kev_short_description,kev_required_action
CVE-2008-6568,6.8,MEDIUM,2009-03-31T17:30:00.530,"Unrestricted file upload vulnerability in Yehe 2.0 allows remote attackers to execute arbitrary code by uploading a file with an executable extension, then accessing it via a direct request to the file in the envoyer feature.  NOTE: the provenance of this information is unknown; the details are obtained solely from third party information.",0.01899,0.77806,False,,,,,
CVE-2019-7676,7.2,HIGH,2019-02-09T22:29:00.510,A weak password vulnerability was discovered in Enphase Envoy R3.*.*. One can login via TCP port 8888 with the admin password for the admin account.,0.01686,0.74948,False,,,,,
CVE-2019-7677,6.1,MEDIUM,2019-02-09T22:29:00.573,XSS exists in Enphase Envoy R3.*.* via the profileName parameter to the /home URI on TCP port 8888.,0.00902,0.56561,False,,,,,
CVE-2019-7678,9.8,CRITICAL,2019-02-09T22:29:00.637,"A directory traversal vulnerability was discovered in Enphase Envoy R3.*.* via images/, include/, include/js, or include/css on TCP port 8888.",0.02486,0.83165,False,,,,,
CVE-2018-17499,2.9,LOW,2019-03-21T16:00:26.093,"Envoy Passport for Android and Envoy Passport for iPhone could allow a local attacker to obtain sensitive information, caused by the storing of unencrypted data in logs. An attacker could exploit this vulnerability to obtain two API keys, a token and other sensitive information.",0.00206,0.10843,False,,,,,
CVE-2018-17500,2.9,LOW,2019-03-21T16:00:26.217,"Envoy Passport for Android and Envoy Passport for iPhone could allow a local attacker to obtain sensitive information, caused by the storing of hardcoded OAuth Creds in plaintext. An attacker could exploit this vulnerability to obtain sensitive information.",0.00272,0.19402,False,,,,,
CVE-2019-9900,8.3,HIGH,2019-04-25T15:29:01.497,"When parsing HTTP/1.x header values, Envoy 1.9.0 and before does not reject embedded zero characters (NUL, ASCII 0x0). This allows remote attackers crafting header values containing embedded NUL characters to potentially bypass header matching rules, gaining access to unauthorized resources.",0.03732,0.88839,False,,,,,
CVE-2019-9901,6.5,MEDIUM,2019-04-25T16:29:01.200,"Envoy 1.9.0 and before does not normalize HTTP URL paths. A remote attacker may craft a relative path, e.g., something/../admin, to bypass access control, e.g., a block on /admin. A backend server could then interpret the non-normalized path and provide an attacker access beyond the scope provided for by the access control policy.",0.04951,0.91392,False,,,,,
CVE-2019-12995,7.5,HIGH,2019-06-28T10:15:11.487,"Istio before 1.2.2 mishandles certain access tokens, leading to ""Epoch 0 terminated with an error"" in Envoy. This is related to a jwt_authenticator.cc segmentation fault.",0.02193,0.80839,False,,,,,
CVE-2019-15225,7.5,HIGH,2019-08-19T23:15:10.680,"In Envoy through 1.11.1, users may configure a route to match incoming path headers via the libstdc++ regular expression implementation. A remote attacker may send a request with a very long URI to result in a denial of service (memory consumption). This is a related issue to CVE-2019-14993.",0.03417,0.87821,False,,,,,
CVE-2019-15226,7.5,HIGH,2019-10-09T16:15:14.687,"Upon receiving each incoming request header data, Envoy will iterate over existing request headers to verify that the total size of the headers stays below a maximum limit. The implementation in versions 1.10.0 through 1.11.1 for HTTP/1.x traffic and all versions of Envoy for HTTP/2 traffic had O(n^2) performance characteristics. A remote attacker may craft a request that stays below the maximum request header size but consists of many thousands of small headers to consume CPU and result in a denial-of-service attack.",0.65393,0.9919,False,,,,,
CVE-2019-18836,7.5,HIGH,2019-11-11T01:15:10.210,"Envoy 1.12.0 allows a remote denial of service because of resource loops, as demonstrated by a single idle TCP connection being able to keep a worker thread in an infinite busy loop when continue_on_listener_filters_timeout is used.""",0.01938,0.78279,False,,,,,
CVE-2019-18801,9.8,CRITICAL,2019-12-13T13:15:11.303,An issue was discovered in Envoy 1.12.0. An untrusted remote client may send HTTP/2 requests that write to the heap outside of the request buffers when the upstream is HTTP/1. This may be used to corrupt nearby heap contents (leading to a query-of-death scenario) or may be used to bypass Envoy's access control mechanisms such as path based routing. An attacker can also modify requests from other users that happen to be proximal temporally and spatially.,0.02502,0.83274,False,,,,,
CVE-2019-18802,9.8,CRITICAL,2019-12-13T13:15:11.383,"An issue was discovered in Envoy 1.12.0. An untrusted remote client may send an HTTP header (such as Host) with whitespace after the header content. Envoy will treat ""header-value "" as a different string from ""header-value"" so for example with the Host header ""example.com "" one could bypass ""example.com"" matchers.",0.02457,0.82977,False,,,,,
CVE-2019-18838,7.5,HIGH,2019-12-13T13:15:11.443,"An issue was discovered in Envoy 1.12.0. Upon receipt of a malformed HTTP request without a Host header, it sends an internally generated ""Invalid request"" response. This internally generated response is dispatched through the configured encoder filter chain before being sent to the client. An encoder filter that invokes route manager APIs that access a request's Host header causes a NULL pointer dereference, resulting in abnormal termination of the Envoy process.",0.02142,0.8041,False,,,,,
CVE-2020-8659,7.5,HIGH,2020-03-04T21:15:11.340,CNCF Envoy through 1.13.0 may consume excessive amounts of memory when proxying HTTP/1.1 requests or responses with many small (i.e. 1 byte) chunks.,0.01887,0.77658,False,,,,,
CVE-2020-8661,7.5,HIGH,2020-03-04T21:15:11.433,CNCF Envoy through 1.13.0 may consume excessive amounts of memory when responding internally to pipelined requests.,0.01869,0.77444,False,,,,,
CVE-2020-8664,5.3,MEDIUM,2020-03-04T21:15:11.497,"CNCF Envoy through 1.13.0 has incorrect Access Control when using SDS with Combined Validation Context. Using the same secret (e.g. trusted CA) across many resources together with the combined validation context could lead to the “static” part of the validation context to be not applied, even though it was visible in the active config dump.",0.013,0.67873,False,,,,,
CVE-2020-8660,5.3,MEDIUM,2020-03-04T22:15:11.343,"CNCF Envoy through 1.13.0 TLS inspector bypass. TLS inspector could have been bypassed (not recognized as a TLS client) by a client using only TLS 1.3. Because TLS extensions (SNI, ALPN) were not inspected, those connections might have been matched to a wrong filter chain, possibly bypassing some security restrictions in the process.",0.00606,0.45948,False,,,,,
CVE-2020-11767,3.1,LOW,2020-04-15T02:15:14.000,"Istio through 1.5.1 and Envoy through 1.14.1 have a data-leak issue. If there is a TCP connection (negotiated with SNI over HTTPS) to *.example.com, a request for a domain concurrently configured explicitly (e.g., abc.example.com) is sent to the server(s) listening behind *.example.com. The outcome should instead be 421 Misdirected Request. Imagine a shared caching forward proxy re-using an HTTP/2 connection for a large subnet with many users. If a victim is interacting with abc.example.com, and a server (for abc.example.com) recycles the TCP connection to the forward proxy, the victim's browser may suddenly start sending sensitive data to a *.example.com server. This occurs because the forward proxy between the victim and the origin server reuses connections (which obeys the specification), but neither Istio nor Envoy corrects this by sending a 421 error. Similarly, this behavior voids the security model browsers have put in place between domains.",0.01774,0.7617,False,,,,,
CVE-2020-12603,7.5,HIGH,2020-07-01T14:15:14.340,"Envoy version 1.14.2, 1.13.2, 1.12.4 or earlier may consume excessive amounts of memory when proxying HTTP/2 requests or responses with many small (i.e. 1 byte) data frames.",0.01448,0.70964,False,,,,,
CVE-2020-12604,7.5,HIGH,2020-07-01T15:15:12.923,"Envoy version 1.14.2, 1.13.2, 1.12.4 or earlier is susceptible to increased memory usage in the case where an HTTP/2 client requests a large payload but does not send enough window updates to consume the entire stream and does not reset the stream.",0.01703,0.75178,False,,,,,
CVE-2020-12605,7.5,HIGH,2020-07-01T15:15:12.983,"Envoy version 1.14.2, 1.13.2, 1.12.4 or earlier may consume excessive amounts of memory when processing HTTP/1.1 headers with long field names or requests with long URLs.",0.01448,0.70964,False,,,,,
CVE-2020-8663,7.5,HIGH,2020-07-01T15:15:15.877,"Envoy version 1.14.2, 1.13.2, 1.12.4 or earlier may exhaust file descriptors and/or memory when accepting too many connections.",0.01475,0.7151,False,,,,,
CVE-2020-15104,4.6,MEDIUM,2020-07-14T22:15:10.937,"In Envoy before versions 1.12.6, 1.13.4, 1.14.4, and 1.15.0 when validating TLS certificates, Envoy would incorrectly allow a wildcard DNS Subject Alternative Name apply to multiple subdomains. For example, with a SAN of *.example.com, Envoy would incorrectly allow nested.subdomain.example.com, when it should only allow subdomain.example.com. This defect applies to both validating a client TLS certificate in mTLS, and validating a server TLS certificate for upstream connections. This vulnerability is only applicable to situations where an untrusted entity can obtain a signed wildcard TLS certificate for a domain of which you only intend to trust a subdomain of. For example, if you intend to trust api.mysubdomain.example.com, and an untrusted actor can obtain a signed TLS certificate for *.example.com or *.com. Configurations are vulnerable if they use verify_subject_alt_name in any Envoy version, or if they use match_subject_alt_names in version 1.14 or later. This issue has been fixed in Envoy versions 1.12.6, 1.13.4, 1.14.4, 1.15.0.",0.00252,0.16703,False,,,,,
CVE-2020-15127,7.5,HIGH,2020-08-05T21:15:12.350,"In Contour ( Ingress controller for Kubernetes) before version 1.7.0, a bad actor can shut down all instances of Envoy, essentially killing the entire ingress data plane. GET requests to /shutdown on port 8090 of the Envoy pod initiate Envoy's shutdown procedure. The shutdown procedure includes flipping the readiness endpoint to false, which removes Envoy from the routing pool. When running Envoy (For example on the host network, pod spec hostNetwork=true), the shutdown manager's endpoint is accessible to anyone on the network that can reach the Kubernetes node that's running Envoy. There is no authentication in place that prevents a rogue actor on the network from shutting down Envoy via the shutdown manager endpoint. Successful exploitation of this issue will lead to bad actors shutting down all instances of Envoy, essentially killing the entire ingress data plane. This is fixed in version 1.7.0.",0.01375,0.69562,False,,,,,
CVE-2020-25017,8.3,HIGH,2020-10-01T17:15:13.337,Envoy through 1.15.0 only considers the first value when multiple header values are present for some HTTP headers. Envoy’s setCopy() header map API does not replace all existing occurences of a non-inline header.,0.01317,0.68214,False,,,,,
CVE-2020-25018,7.5,HIGH,2020-10-01T17:15:13.387,Envoy master between 2d69e30 and 3b5acb2 may fail to parse request URL that requires host canonicalization.,0.01139,0.63736,False,,,,,
CVE-2020-35470,8.8,HIGH,2020-12-15T01:15:13.807,"Envoy before 1.16.1 logs an incorrect downstream address because it considers only the directly connected peer, not the information in the proxy protocol header. This affects situations with tcp-proxy as the network filter (not HTTP filters).",0.00974,0.5895,False,,,,,
CVE-2020-35471,7.5,HIGH,2020-12-15T01:15:13.870,"Envoy before 1.16.1 mishandles dropped and truncated datagrams, as demonstrated by a segmentation fault for a UDP packet size larger than 1500.",0.02364,0.82272,False,,,,,
CVE-2021-21378,8.2,HIGH,2021-03-11T03:15:12.163,"Envoy is a cloud-native high-performance edge/middle/service proxy. In Envoy version 1.17.0 an attacker can bypass authentication by presenting a JWT token with an issuer that is not in the provider list when Envoy's JWT Authentication filter is configured with the `allow_missing` requirement under `requires_any` due to a mistake in implementation. Envoy's JWT Authentication filter can be configured with the `allow_missing` requirement that will be satisfied if JWT is missing (JwtMissed error) and fail if JWT is presented or invalid. Due to a mistake in implementation, a JwtUnknownIssuer error was mistakenly converted to JwtMissed when `requires_any` was configured. So if `allow_missing` was configured under `requires_any`, an attacker can bypass authentication by presenting a JWT token with an issuer that is not in the provider list. Integrity may be impacted depending on configuration if the JWT token is used to protect against writes or modifications. This regression was introduced on 2020/11/12 in PR 13839 which fixed handling `allow_missing` under RequiresAny in a JwtRequirement (see issue 13458). The AnyVerifier aggregates the children verifiers' results into a final status where JwtMissing is the default error. However, a JwtUnknownIssuer was mistakenly treated the same as a JwtMissing error and the resulting final aggregation was the default JwtMissing. As a result, `allow_missing` would allow a JWT token with an unknown issuer status. This is fixed in version 1.17.1 by PR 15194. The fix works by preferring JwtUnknownIssuer over a JwtMissing error, fixing the accidental conversion and bypass with `allow_missing`. A user could detect whether a bypass occurred if they have Envoy logs enabled with debug verbosity. Users can enable component level debug logs for JWT. The JWT filter logs will indicate that there is a request with a JWT token and a failure that the JWT token is missing.",0.0171,0.75286,False,,,,,
CVE-2021-28682,7.5,HIGH,2021-05-20T17:15:07.680,An issue was discovered in Envoy through 1.71.1. There is a remotely exploitable integer overflow in which a very large grpc-timeout value leads to unexpected timeout calculations.,0.0204,0.79391,False,,,,,
CVE-2021-28683,7.5,HIGH,2021-05-20T17:15:07.713,An issue was discovered in Envoy through 1.71.1. There is a remotely exploitable NULL pointer dereference and crash in TLS when an unknown TLS alert code is received.,0.01686,0.74943,False,,,,,
CVE-2021-29258,7.5,HIGH,2021-05-20T17:15:07.740,"An issue was discovered in Envoy 1.14.0. There is a remotely exploitable crash for HTTP2 Metadata, because an empty METADATA map triggers a Reachable Assertion.",0.01738,0.75661,False,,,,,
CVE-2021-29492,8.1,HIGH,2021-05-28T21:15:08.670,"Envoy is a cloud-native edge/middle/service proxy. Envoy does not decode escaped slash sequences `%2F` and `%5C` in HTTP URL paths in versions 1.18.2 and before. A remote attacker may craft a path with escaped slashes, e.g. `/something%2F..%2Fadmin`, to bypass access control, e.g. a block on `/admin`. A backend server could then decode slash sequences and normalize path and provide an attacker access beyond the scope provided for by the access control policy. ### Impact Escalation of Privileges when using RBAC or JWT filters with enforcement based on URL path. Users with back end servers that interpret `%2F` and `/` and `%5C` and `\` interchangeably are impacted. ### Attack Vector URL paths containing escaped slash characters delivered by untrusted client. Patches in versions 1.18.3, 1.17.3, 1.16.4, 1.15.5 contain new path normalization option to decode escaped slash characters. As a workaround, if back end servers treat `%2F` and `/` and `%5C` and `\` interchangeably and a URL path based access control is configured, one may reconfigure the back end server to not treat `%2F` and `/` and `%5C` and `\` interchangeably.",0.68383,0.99271,False,,,,,
CVE-2020-25752,5.3,MEDIUM,2021-06-16T19:15:17.470,An issue was discovered on Enphase Envoy R3.x and D4.x devices. There are hardcoded web-panel login passwords for the installer and Enphase accounts. The passwords for these accounts are hardcoded values derived from the MD5 hash of the username and serial number mixed with some static strings. The serial number can be retrieved by an unauthenticated user at /info.xml. These passwords can be easily calculated by an attacker; users are unable to change these passwords.,0.01603,0.73646,False,,,,,
CVE-2020-25753,9.8,CRITICAL,2021-06-16T19:15:23.380,An issue was discovered on Enphase Envoy R3.x and D4.x devices with v3 software. The default admin password is set to the last 6 digits of the serial number. The serial number can be retrieved by an unauthenticated user at /info.xml.,0.02231,0.81173,False,,,,,
CVE-2020-25754,7.5,HIGH,2021-06-16T19:15:27.597,An issue was discovered on Enphase Envoy R3.x and D4.x devices. There is a custom PAM module for user authentication that circumvents traditional user authentication. This module uses a password derived from the MD5 hash of the username and serial number. The serial number can be retrieved by an unauthenticated user at /info.xml. Attempts to change the user password via passwd or other tools have no effect.,0.01339,0.68737,False,,,,,
CVE-2020-25755,8.8,HIGH,2021-06-16T19:15:32.940,An issue was discovered on Enphase Envoy R3.x and D4.x (and other current) devices. The upgrade_start function in /installer/upgrade_start allows remote authenticated users to execute arbitrary commands via the force parameter.,0.03076,0.8647,False,,,,,
CVE-2021-32574,7.5,HIGH,2021-07-17T18:15:07.723,"HashiCorp Consul and Consul Enterprise 1.3.0 through 1.10.0 Envoy proxy TLS configuration does not validate destination service identity in the encoded subject alternative name. Fixed in 1.8.14, 1.9.8, and 1.10.1.",0.01457,0.71143,False,,,,,
CVE-2021-32783,8.5,HIGH,2021-07-23T22:15:08.480,"Contour is a Kubernetes ingress controller using Envoy proxy. In Contour before version 1.17.1 a specially crafted ExternalName type Service may be used to access Envoy's admin interface, which Contour normally prevents from access outside the Envoy container. This can be used to shut down Envoy remotely (a denial of service), or to expose the existence of any Secret that Envoy is using for its configuration, including most notably TLS Keypairs. However, it *cannot* be used to get the *content* of those secrets. Since this attack allows access to the administration interface, a variety of administration options are available, such as shutting down the Envoy or draining traffic. In general, the Envoy admin interface cannot easily be used for making changes to the cluster, in-flight requests, or backend services, but it could be used to shut down or drain Envoy, change traffic routing, or to retrieve secret metadata, as mentioned above. The issue will be addressed in Contour v1.18.0 and a cherry-picked patch release, v1.17.1, has been released to cover users who cannot upgrade at this time. For more details refer to the linked GitHub Security Advisory.",0.01151,0.64064,False,,,,,
CVE-2021-32777,8.6,HIGH,2021-08-24T21:15:06.970,"Envoy is an open source L7 proxy and communication bus designed for large modern service oriented architectures. In affected versions when ext-authz extension is sending request headers to the external authorization service it must merge multiple value headers according to the HTTP spec. However, only the last header value is sent. This may allow specifically crafted requests to bypass authorization. Attackers may be able to escalate privileges when using ext-authz extension or back end service that uses multiple value headers for authorization. A specifically constructed request may be delivered by an untrusted downstream peer in the presence of ext-authz extension. Envoy versions 1.19.1, 1.18.4, 1.17.4, 1.16.5 contain fixes to the ext-authz extension to correctly merge multiple request header values, when sending request for authorization.",0.03325,0.87507,False,,,,,
CVE-2021-32778,5.8,MEDIUM,2021-08-24T21:15:09.553,"Envoy is an open source L7 proxy and communication bus designed for large modern service oriented architectures. In affected versions envoy’s procedure for resetting a HTTP/2 stream has O(N^2) complexity, leading to high CPU utilization when a large number of streams are reset. Deployments are susceptible to Denial of Service when Envoy is configured with high limit on H/2 concurrent streams. An attacker wishing to exploit this vulnerability would require a client opening and closing a large number of H/2 streams. Envoy versions 1.19.1, 1.18.4, 1.17.4, 1.16.5 contain fixes to reduce time complexity of resetting HTTP/2 streams. As a workaround users may limit the number of simultaneous HTTP/2 dreams for upstream and downstream peers to a low number, i.e. 100.",0.0123,0.66233,False,,,,,
CVE-2021-32779,8.6,HIGH,2021-08-24T21:15:09.823,"Envoy is an open source L7 proxy and communication bus designed for large modern service oriented architectures. In affected versions envoy incorrectly handled a URI '#fragment' element as part of the path element. Envoy is configured with an RBAC filter for authorization or similar mechanism with an explicit case of a final ""/admin"" path element, or is using a negative assertion with final path element of ""/admin"". The client sends request to ""/app1/admin#foo"". In Envoy prior to 1.18.0, or 1.18.0+ configured with path_normalization=false. Envoy treats fragment as a suffix of the query string when present, or as a suffix of the path when query string is absent, so it evaluates the final path element as ""/admin#foo"" and mismatches with the configured ""/admin"" path element. In Envoy 1.18.0+ configured with path_normalization=true. Envoy transforms this to /app1/admin%23foo and mismatches with the configured /admin prefix. The resulting URI is sent to the next server-agent with the offending ""#foo"" fragment which violates RFC3986 or with the nonsensical ""%23foo"" text appended. A specifically constructed request with URI containing '#fragment' element delivered by an untrusted client in the presence of path based request authorization resulting in escalation of Privileges when path based request authorization extensions. Envoy versions 1.19.1, 1.18.4, 1.17.4, 1.16.5 contain fixes that removes fragment from URI path in incoming requests.",0.00948,0.58059,False,,,,,
CVE-2021-32780,8.6,HIGH,2021-08-24T21:15:09.947,"Envoy is an open source L7 proxy and communication bus designed for large modern service oriented architectures. In affected versions Envoy transitions a H/2 connection to the CLOSED state when it receives a GOAWAY frame without any streams outstanding. The connection state is transitioned to DRAINING when it receives a SETTING frame with the SETTINGS_MAX_CONCURRENT_STREAMS parameter set to 0. Receiving these two frames in the same I/O event results in abnormal termination of the Envoy process due to invalid state transition from CLOSED to DRAINING. A sequence of H/2 frames delivered by an untrusted upstream server will result in Denial of Service in the presence of untrusted **upstream** servers. Envoy versions 1.19.1, 1.18.4 contain fixes to stop processing of pending H/2 frames after connection transition to the CLOSED state.",0.0123,0.66232,False,,,,,
CVE-2021-32781,8.6,HIGH,2021-08-24T21:15:10.157,"Envoy is an open source L7 proxy and communication bus designed for large modern service oriented architectures. In affected versions after Envoy sends a locally generated response it must stop further processing of request or response data. However when local response is generated due the internal buffer overflow while request or response is processed by the filter chain the operation may not be stopped completely and result in accessing a freed memory block. A specifically constructed request delivered by an untrusted downstream or upstream peer in the presence of extensions that modify and increase the size of request or response bodies resulting in a Denial of Service when using extensions that modify and increase the size of request or response bodies, such as decompressor filter. Envoy versions 1.19.1, 1.18.4, 1.17.4, 1.16.5 contain fixes to address incomplete termination of request processing after locally generated response. As a workaround disable Envoy's decompressor, json-transcoder or grpc-web extensions or proprietary extensions that modify and increase the size of request or response bodies, if feasible.",0.0133,0.68505,False,,,,,
CVE-2021-39162,8.6,HIGH,2021-09-09T22:15:09.050,"Pomerium is an open source identity-aware access proxy. Envoy, which Pomerium is based on, can abnormally terminate if an H/2 GOAWAY and SETTINGS frame are received in the same IO event. This can lead to a DoS in the presence of untrusted *upstream* servers. 0.15.1 contains an upgraded envoy binary with this vulnerability patched. If only trusted upstreams are configured, there is not substantial risk of this condition being triggered.",0.01638,0.74199,False,,,,,
CVE-2021-39204,7.5,HIGH,2021-09-09T22:15:09.773,"Pomerium is an open source identity-aware access proxy. Envoy, which Pomerium is based on, incorrectly handles resetting of HTTP/2 streams with excessive complexity. This can lead to high CPU utilization when a large number of streams are reset. This can result in a DoS condition. Pomerium versions 0.14.8 and 0.15.1 contain an upgraded envoy binary with this vulnerability patched.",0.01662,0.7457,False,,,,,
CVE-2021-39206,8.6,HIGH,2021-09-09T23:15:13.980,"Pomerium is an open source identity-aware access proxy. Envoy, which Pomerium is based on, contains two authorization related vulnerabilities CVE-2021-32777 and CVE-2021-32779. This may lead to incorrect routing or authorization policy decisions. With specially crafted requests, incorrect authorization or routing decisions may be made by Pomerium. Pomerium v0.14.8 and v0.15.1 contain an upgraded envoy binary with these vulnerabilities patched. This issue can only be triggered when using path prefix based policy. Removing any such policies should provide mitigation.",0.01457,0.7114,False,,,,,
CVE-2022-21679,6.8,MEDIUM,2022-01-19T22:15:09.397,"Istio is an open platform to connect, manage, and secure microservices. In Istio 1.12.0 and 1.12.1 The authorization policy with hosts and notHosts might be accidentally bypassed for ALLOW action or rejected unexpectedly for DENY action during the upgrade from 1.11 to 1.12.0/1.12.1. Istio 1.12 supports the hosts and notHosts fields in authorization policy with a new Envoy API shipped with the 1.12 data plane. A bug in the 1.12.0 and 1.12.1 incorrectly uses the new Envoy API with the 1.11 data plane. This will cause the hosts and notHosts fields to be always matched regardless of the actual value of the host header when mixing 1.12.0/1.12.1 control plane and 1.11 data plane. Users are advised to upgrade or to not mix the 1.12.0/1.12.1 control plane with 1.11 data plane if using hosts or notHosts field in authorization policy.",0.0107,0.61851,False,,,,,
CVE-2021-43824,7.5,HIGH,2022-02-22T23:15:10.813,"Envoy is an open source edge and service proxy, designed for cloud-native applications. In affected versions a crafted request crashes Envoy when a CONNECT request is sent to JWT filter configured with regex match. This provides a denial of service attack vector. The only workaround is to not use regex in the JWT filter. Users are advised to upgrade.",0.01062,0.6161,False,,,,,
CVE-2021-43825,6.1,MEDIUM,2022-02-22T23:15:10.890,"Envoy is an open source edge and service proxy, designed for cloud-native applications. Sending a locally generated response must stop further processing of request or response data. Envoy tracks the amount of buffered request and response data and aborts the request if the amount of buffered data is over the limit by sending 413 or 500 responses. However when the buffer overflows while response is processed by the filter chain the operation may not be aborted correctly and result in accessing a freed memory block. If this happens Envoy will crash resulting in a denial of service.",0.00877,0.55845,False,,,,,
CVE-2021-43826,7.5,HIGH,2022-02-22T23:15:10.957,"Envoy is an open source edge and service proxy, designed for cloud-native applications. In affected versions of Envoy a crash occurs when configured for :ref:`upstream tunneling <envoy_v3_api_field_extensions.filters.network.tcp_proxy.v3.TcpProxy.tunneling_config>` and the downstream connection disconnects while the the upstream connection or http/2 stream is still being established. There are no workarounds for this issue. Users are advised to upgrade.",0.01062,0.61611,False,,,,,
CVE-2022-21654,7.4,HIGH,2022-02-22T23:15:11.103,"Envoy is an open source edge and service proxy, designed for cloud-native applications. Envoy's tls allows re-use when some cert validation settings have changed from their default configuration. The only workaround for this issue is to ensure that default tls settings are used. Users are advised to upgrade.",0.01078,0.62067,False,,,,,
CVE-2022-21655,7.5,HIGH,2022-02-22T23:15:11.163,"Envoy is an open source edge and service proxy, designed for cloud-native applications. The envoy common router will segfault if an internal redirect selects a route configured with direct response or redirect actions. This will result in a denial of service. As a workaround turn off internal redirects if direct response entries are configured on the same listener.",0.01145,0.63879,False,,,,,
CVE-2022-21656,7.4,HIGH,2022-02-22T23:15:11.223,"Envoy is an open source edge and service proxy, designed for cloud-native applications. The default_validator.cc implementation used to implement the default certificate validation routines has a ""type confusion"" bug when processing subjectAltNames. This processing allows, for example, an rfc822Name or uniformResourceIndicator to be authenticated as a domain name. This confusion allows for the bypassing of nameConstraints, as processed by the underlying OpenSSL/BoringSSL implementation, exposing the possibility of impersonation of arbitrary servers. As a result Envoy will trust upstream certificates that should not be trusted.",0.00672,0.48854,False,,,,,
CVE-2022-21657,6.8,MEDIUM,2022-02-22T23:15:11.277,"Envoy is an open source edge and service proxy, designed for cloud-native applications. In affected versions Envoy does not restrict the set of certificates it accepts from the peer, either as a TLS client or a TLS server, to only those certificates that contain the necessary extendedKeyUsage (id-kp-serverAuth and id-kp-clientAuth, respectively). This means that a peer may present an e-mail certificate (e.g. id-kp-emailProtection), either as a leaf certificate or as a CA in the chain, and it will be accepted for TLS. This is particularly bad when combined with the issue described in pull request #630, in that it allows a Web PKI CA that is intended only for use with S/MIME, and thus exempted from audit or supervision, to issue TLS certificates that will be accepted by Envoy. As a result Envoy will trust upstream certificates that should not be trusted. There are no known workarounds to this issue. Users are advised to upgrade.",0.00517,0.41415,False,,,,,
CVE-2022-23606,4.4,MEDIUM,2022-02-22T23:15:11.337,"Envoy is an open source edge and service proxy, designed for cloud-native applications. When a cluster is deleted via Cluster Discovery Service (CDS) all idle connections established to endpoints in that cluster are disconnected. A recursion was introduced in the procedure of disconnecting idle connections that can lead to stack exhaustion and abnormal process termination when a cluster has a large number of idle connections. This infinite recursion causes Envoy to crash. Users are advised to upgrade.",0.01016,0.60215,False,,,,,
CVE-2022-29224,5.9,MEDIUM,2022-06-09T19:15:10.450,"Envoy is a cloud-native high-performance proxy. Versions of envoy prior to 1.22.1 are subject to a segmentation fault in the GrpcHealthCheckerImpl. Envoy can perform various types of upstream health checking. One of them uses gRPC. Envoy also has a feature which can “hold” (prevent removal) upstream hosts obtained via service discovery until configured active health checking fails. If an attacker controls an upstream host and also controls service discovery of that host (via DNS, the EDS API, etc.), an attacker can crash Envoy by forcing removal of the host from service discovery, and then failing the gRPC health check request. This will crash Envoy via a null pointer dereference. Users are advised to upgrade to resolve this vulnerability. Users unable to upgrade may disable gRPC health checking and/or replace it with a different health checking type as a mitigation.",0.00969,0.58754,False,,,,,
CVE-2022-29225,7.5,HIGH,2022-06-09T20:15:08.000,Envoy is a cloud-native high-performance proxy. In versions prior to 1.22.1 secompressors accumulate decompressed data into an intermediate buffer before overwriting the body in the decode/encodeBody. This may allow an attacker to zip bomb the decompressor by sending a small highly compressed payload. Maliciously constructed zip files may exhaust system memory and cause a denial of service. Users are advised to upgrade. Users unable to upgrade may consider disabling decompression.,0.01537,0.72596,False,,,,,
CVE-2022-29226,10.0,CRITICAL,2022-06-09T20:15:08.077,"Envoy is a cloud-native high-performance proxy. In versions prior to 1.22.1 the OAuth filter implementation does not include a mechanism for validating access tokens, so by design when the HMAC signed cookie is missing a full authentication flow should be triggered. However, the current implementation assumes that access tokens are always validated thus allowing access in the presence of any access token attached to the request. Users are advised to upgrade. There is no known workaround for this issue.",0.01265,0.67085,False,,,,,
CVE-2022-29227,7.5,HIGH,2022-06-09T20:15:08.140,"Envoy is a cloud-native high-performance edge/middle/service proxy. In versions prior to 1.22.1 if Envoy attempts to send an internal redirect of an HTTP request consisting of more than HTTP headers, there’s a lifetime bug which can be triggered. If while replaying the request Envoy sends a local reply when the redirect headers are processed, the downstream state indicates that the downstream stream is not complete. On sending the local reply, Envoy will attempt to reset the upstream stream, but as it is actually complete, and deleted, this result in a use-after-free. Users are advised to upgrade. Users unable to upgrade are advised to disable internal redirects if crashes are observed.",0.01166,0.64484,False,,,,,
CVE-2022-29228,7.5,HIGH,2022-06-09T20:15:08.197,"Envoy is a cloud-native high-performance proxy. In versions prior to 1.22.1 the OAuth filter would try to invoke the remaining filters in the chain after emitting a local response, which triggers an ASSERT() in newer versions and corrupts memory on earlier versions. continueDecoding() shouldn’t ever be called from filters after a local reply has been sent. Users are advised to upgrade. There are no known workarounds for this issue.",0.01199,0.65364,False,,,,,
CVE-2022-31045,7.0,HIGH,2022-06-09T21:15:07.847,"Istio is an open platform to connect, manage, and secure microservices. In affected versions ill-formed headers sent to Envoy in certain configurations can lead to unexpected memory access resulting in undefined behavior or crashing. Users are most likely at risk if they have an Istio ingress Gateway exposed to external traffic. This vulnerability has been resolved in versions 1.12.8, 1.13.5, and 1.14.1. Users are advised to upgrade. There are no known workarounds for this issue.",0.01045,0.61101,False,,,,,
CVE-2023-27487,8.2,HIGH,2023-04-04T16:15:07.343,"Envoy is an open source edge and service proxy designed for cloud-native applications. Prior to versions 1.26.0, 1.25.3, 1.24.4, 1.23.6, and 1.22.9, the client may bypass JSON Web Token (JWT) checks and forge fake original paths. The header `x-envoy-original-path` should be an internal header, but Envoy does not remove this header from the request at the beginning of request processing when it is sent from an untrusted client. The faked header would then be used for trace logs and grpc logs, as well as used in the URL used for `jwt_authn` checks if the `jwt_authn` filter is used, and any other upstream use of the x-envoy-original-path header. Attackers may forge a trusted `x-envoy-original-path` header. Versions 1.26.0, 1.25.3, 1.24.4, 1.23.6, and 1.22.9 have patches for this issue.",0.00636,0.47317,False,,,,,
CVE-2023-27488,5.4,MEDIUM,2023-04-04T18:15:07.083,"Envoy is an open source edge and service proxy designed for cloud-native applications. Prior to versions 1.26.0, 1.25.3, 1.24.4, 1.23.6, and 1.22.9, escalation of privileges is possible when `failure_mode_allow: true` is configured for `ext_authz` filter. For affected components that are used for logging and/or visibility, requests may not be logged by the receiving service.

When Envoy was configured to use ext_authz, ext_proc, tap, ratelimit filters, and grpc access log service and an http header with non-UTF-8 data was received, Envoy would generate an invalid protobuf message and send it to the configured service. The receiving service would typically generate an error when decoding the protobuf message. For ext_authz that was configured with ``failure_mode_allow: true``, the request would have been allowed in this case. For the other services, this could have resulted in other unforeseen errors such as a lack of visibility into requests. 

As of versions 1.26.0, 1.25.3, 1.24.4, 1.23.6, and 1.22.9, Envoy by default sanitizes the values sent in gRPC service calls to be valid UTF-8, replacing data that is not valid UTF-8 with a `!` character. This behavioral change can be temporarily reverted by setting runtime guard `envoy.reloadable_features.service_sanitize_non_utf8_strings` to false. As a workaround, one may set `failure_mode_allow: false` for `ext_authz`.",0.00731,0.51071,False,,,,,
CVE-2023-27491,5.4,MEDIUM,2023-04-04T19:15:07.150,"Envoy is an open source edge and service proxy designed for cloud-native applications. Compliant HTTP/1 service should reject malformed request lines. Prior to versions 1.26.0, 1.25.3, 1.24.4, 1.23.6, and 1.22.9, There is a possibility that non compliant HTTP/1 service may allow malformed requests, potentially leading to a bypass of security policies. This issue is fixed in versions 1.26.0, 1.25.3, 1.24.4, 1.23.6, and 1.22.9.",0.00869,0.55576,False,,,,,
CVE-2023-27492,4.8,MEDIUM,2023-04-04T19:15:07.217,"Envoy is an open source edge and service proxy designed for cloud-native applications. Prior to versions 1.26.0, 1.25.3, 1.24.4, 1.23.6, and 1.22.9, the Lua filter is vulnerable to denial of service. Attackers can send large request bodies for routes that have Lua filter enabled and trigger crashes.

As of versions versions 1.26.0, 1.25.3, 1.24.4, 1.23.6, and 1.22.9, Envoy no longer invokes the Lua coroutine if the filter has been reset. As a workaround for those whose Lua filter is buffering all requests/ responses, mitigate by using the buffer filter to avoid triggering the local reply in the Lua filter.",0.00686,0.49436,False,,,,,
CVE-2023-27493,8.1,HIGH,2023-04-04T20:15:07.463,"Envoy is an open source edge and service proxy designed for cloud-native applications. Prior to versions 1.26.0, 1.25.3, 1.24.4, 1.23.6, and 1.22.9, Envoy does not sanitize or escape request properties when generating request headers. This can lead to characters that are illegal in header values to be sent to the upstream service. In the worst case, it can cause upstream service to interpret the original request as two pipelined requests, possibly bypassing the intent of Envoy’s security policy. Versions 1.26.0, 1.25.3, 1.24.4, 1.23.6, and 1.22.9 contain a patch. As a workaround, disable adding request headers based on the downstream request properties, such as downstream certificate properties.",0.00507,0.4081,False,,,,,
CVE-2023-27496,6.5,MEDIUM,2023-04-04T20:15:07.520,"Envoy is an open source edge and service proxy designed for cloud-native applications. Prior to versions 1.26.0, 1.25.3, 1.24.4, 1.23.6, and 1.22.9, the OAuth filter assumes that a `state` query param is present on any response that looks like an OAuth redirect response. Sending it a request with the URI path equivalent to the redirect path, without the `state` parameter, will lead to abnormal termination of Envoy process. Versions 1.26.0, 1.25.3, 1.24.4, 1.23.6, and 1.22.9 contain a patch. The issue can also be mitigated by locking down OAuth traffic, disabling the filter, or by filtering traffic before it reaches the OAuth filter (e.g. via a lua script). 
",0.00758,0.5198,False,,,,,
CVE-2023-2816,8.7,HIGH,2023-06-02T23:15:09.503,"Consul and Consul Enterprise allowed any user with service:write permissions to use Envoy extensions configured via service-defaults to patch remote proxy instances that target the configured service, regardless of whether the user has permission to modify the service(s) corresponding to those modified proxies.",0.00585,0.4499,False,,,,,
CVE-2023-33869,6.3,MEDIUM,2023-06-20T20:15:09.493,"
Enphase Envoy versions D7.0.88 is vulnerable to a command injection exploit that may allow an attacker to execute root commands.




",0.01111,0.6304,False,,,,,
CVE-2023-35945,7.5,HIGH,2023-07-13T21:15:08.880,"Envoy is a cloud-native high-performance edge/middle/service proxy. Envoy’s HTTP/2 codec may leak a header map and bookkeeping structures upon receiving `RST_STREAM` immediately followed by the `GOAWAY` frames from an upstream server. In nghttp2, cleanup of pending requests due to receipt of the `GOAWAY` frame skips de-allocation of the bookkeeping structure and pending compressed header. The error return [code path] is taken if connection is already marked for not sending more requests due to `GOAWAY` frame. The clean-up code is right after the return statement, causing memory leak. Denial of service through memory exhaustion. This vulnerability was patched in versions(s) 1.26.3, 1.25.8, 1.24.9, 1.23.11.",0.01288,0.67625,False,,,,,
CVE-2023-35941,8.6,HIGH,2023-07-25T18:15:10.993,"Envoy is an open source edge and service proxy designed for cloud-native applications. Prior to versions 1.27.0, 1.26.4, 1.25.9, 1.24.10, and 1.23.12, a malicious client is able to construct credentials with permanent validity in some specific scenarios. This is caused by the some rare scenarios in which HMAC payload can be always valid in OAuth2 filter's check. Versions 1.27.0, 1.26.4, 1.25.9, 1.24.10, and 1.23.12 have a fix for this issue. As a workaround, avoid wildcards/prefix domain wildcards in the host's domain configuration.",0.00814,0.53823,False,,,,,
CVE-2023-35942,6.5,MEDIUM,2023-07-25T19:15:11.050,"Envoy is an open source edge and service proxy designed for cloud-native applications. Prior to versions 1.27.0, 1.26.4, 1.25.9, 1.24.10, and 1.23.12, gRPC access loggers using listener's global scope can cause a `use-after-free` crash when the listener is drained. Versions 1.27.0, 1.26.4, 1.25.9, 1.24.10, and 1.23.12 have a fix for this issue. As a workaround, disable gRPC access log or stop listener update.",0.00887,0.56097,False,,,,,
CVE-2023-35943,6.3,MEDIUM,2023-07-25T19:15:11.153,"Envoy is an open source edge and service proxy designed for cloud-native applications. Prior to versions 1.27.0, 1.26.4, 1.25.9, 1.24.10, and 1.23.12, the CORS filter will segfault and crash Envoy when the `origin` header is removed and deleted between `decodeHeaders`and `encodeHeaders`. Versions 1.27.0, 1.26.4, 1.25.9, 1.24.10, and 1.23.12 have a fix for this issue. As a workaround, do not remove the `origin` header in the Envoy configuration.",0.00661,0.48443,False,,,,,
CVE-2023-35944,8.2,HIGH,2023-07-25T19:15:11.240,"Envoy is an open source edge and service proxy designed for cloud-native applications. Envoy allows mixed-case schemes in HTTP/2, however, some internal scheme checks are case-sensitive. Prior to versions 1.27.0, 1.26.4, 1.25.9, 1.24.10, and 1.23.12, this can lead to the rejection of requests with mixed-case schemes such as `htTp` or `htTps`, or the bypassing of some requests such as `https` in unencrypted connections. With a fix in versions 1.27.0, 1.26.4, 1.25.9, 1.24.10, and 1.23.12, Envoy will now lowercase scheme values by default, and change the internal scheme checks that were case-sensitive to be case-insensitive. There are no known workarounds for this issue.",0.00704,0.50093,False,,,,,
CVE-2024-23322,7.5,HIGH,2024-02-09T23:15:08.747,"Envoy is a high-performance edge/middle/service proxy. Envoy will crash when certain timeouts happen within the same interval. The crash occurs when the following are true: 1. hedge_on_per_try_timeout is enabled, 2. per_try_idle_timeout is enabled (it can only be done in configuration), 3. per-try-timeout is enabled, either through headers or configuration and its value is equal, or within the backoff interval of the per_try_idle_timeout. This issue has been addressed in released 1.29.1, 1.28.1, 1.27.3, and 1.26.7. Users are advised to upgrade. There are no known workarounds for this vulnerability.",0.00679,0.49169,False,,,,,
CVE-2024-23323,4.3,MEDIUM,2024-02-09T23:15:08.977,"Envoy is a high-performance edge/middle/service proxy. The regex expression is compiled for every request and can result in high CPU usage and increased request latency when multiple routes are configured with such matchers. This issue has been addressed in released 1.29.1, 1.28.1, 1.27.3, and 1.26.7. Users are advised to upgrade. There are no known workarounds for this vulnerability.",0.00504,0.40623,False,,,,,
CVE-2024-23324,8.6,HIGH,2024-02-09T23:15:09.223,"Envoy is a high-performance edge/middle/service proxy. External authentication can be bypassed by downstream connections. Downstream clients can force invalid gRPC requests to be sent to ext_authz, circumventing ext_authz checks when failure_mode_allow is set to true. This issue has been addressed in released 1.29.1, 1.28.1, 1.27.3, and 1.26.7. Users are advised to upgrade. There are no known workarounds for this vulnerability.
",0.006,0.45703,False,,,,,
CVE-2024-23325,7.5,HIGH,2024-02-09T23:15:09.437,"Envoy is a high-performance edge/middle/service proxy. Envoy crashes in Proxy protocol when using an address type that isn’t supported by the OS. Envoy is susceptible to crashing on a host with IPv6 disabled and a listener config with proxy protocol enabled when it receives a request where the client presents its IPv6 address.  It is valid for a client to present its IPv6 address to a target server even though the whole chain is connected via IPv4. This issue has been addressed in released 1.29.1, 1.28.1, 1.27.3, and 1.26.7. Users are advised to upgrade. There are no known workarounds for this vulnerability.",0.00751,0.51777,False,,,,,
CVE-2024-23327,7.5,HIGH,2024-02-09T23:15:09.647,"Envoy is a high-performance edge/middle/service proxy. When PPv2 is enabled both on a listener and subsequent cluster, the Envoy instance will segfault when attempting to craft the upstream PPv2 header. This occurs when the downstream request has a command type of LOCAL and does not have the protocol block. This issue has been addressed in releases 1.29.1, 1.28.1, 1.27.3, and 1.26.7. Users are advised to upgrade. There are no known workarounds for this vulnerability.",0.00693,0.49703,False,,,,,
CVE-2024-28249,6.1,MEDIUM,2024-03-18T22:15:08.503,"Cilium is a networking, observability, and security solution with an eBPF-based dataplane. Prior to versions 1.13.13, 1.14.8, and 1.15.2, in Cilium clusters with IPsec enabled and traffic matching Layer 7 policies, IPsec-eligible traffic between a node's Envoy proxy and pods on other nodes is sent unencrypted and IPsec-eligible traffic between a node's DNS proxy and pods on other nodes is sent unencrypted. This issue has been resolved in Cilium 1.15.2, 1.14.8, and 1.13.13. There is no known workaround for this issue.",0.00271,0.1917,False,,,,,
CVE-2024-28250,6.1,MEDIUM,2024-03-18T22:15:08.750,"Cilium is a networking, observability, and security solution with an eBPF-based dataplane. Starting in version 1.14.0 and prior to versions 1.14.8 and 1.15.2, In Cilium clusters with WireGuard enabled and traffic matching Layer 7 policies Wireguard-eligible traffic that is sent between a node's Envoy proxy and pods on other nodes is sent unencrypted and Wireguard-eligible traffic that is sent between a node's DNS proxy and pods on other nodes is sent unencrypted. This issue has been resolved in Cilium 1.14.8 and 1.15.2 in in native routing mode (`routingMode=native`) and in Cilium 1.14.4 in tunneling mode (`routingMode=tunnel`). Not that in tunneling mode, `encryption.wireguard.encapsulate` must be set to `true`. There is no known workaround for this issue.",0.00172,0.06808,False,,,,,
CVE-2024-27919,7.5,HIGH,2024-04-04T15:15:38.207,"Envoy is a cloud-native, open-source edge and service proxy. In versions 1.29.0 and 1.29.1, theEnvoy HTTP/2 protocol stack is vulnerable to the flood of CONTINUATION frames. Envoy's HTTP/2 codec does not reset a request when header map limits have been exceeded. This allows an attacker to send an sequence of CONTINUATION frames without the END_HEADERS bit set causing unlimited memory consumption. This can lead to denial of service through memory exhaustion. Users should upgrade to versions 1.29.2 to mitigate the effects of the CONTINUATION flood. Note that this vulnerability is a regression in Envoy version 1.29.0 and 1.29.1 only. As a workaround, downgrade to version 1.28.1 or earlier or disable HTTP/2 protocol for downstream connections.",0.86746,0.99726,False,,,,,
CVE-2024-30255,5.3,MEDIUM,2024-04-04T20:15:08.983,"Envoy is a cloud-native, open source edge and service proxy. The HTTP/2 protocol stack in Envoy versions prior to 1.29.3, 1.28.2, 1.27.4, and 1.26.8 are vulnerable to CPU exhaustion due to flood of CONTINUATION frames. Envoy's HTTP/2 codec allows the client to send an unlimited number of CONTINUATION frames even after exceeding Envoy's header map limits. This allows an attacker to send a sequence of CONTINUATION frames without the END_HEADERS bit set causing CPU utilization, consuming approximately 1 core per 300Mbit/s of traffic and culminating in denial of service through CPU exhaustion. Users should upgrade to version 1.29.3, 1.28.2, 1.27.4, or 1.26.8 to mitigate the effects of the CONTINUATION flood. As a workaround, disable HTTP/2 protocol for downstream connections.",0.8781,0.99747,False,,,,,
CVE-2024-32475,7.5,HIGH,2024-04-18T15:15:30.670,"Envoy is a cloud-native, open source edge and service proxy. When an upstream TLS cluster is used with `auto_sni` enabled, a request containing a `host`/`:authority` header longer than 255 characters triggers an abnormal termination of Envoy process. Envoy does not gracefully handle an error when setting SNI for outbound TLS connection. The error can occur when Envoy attempts to use the `host`/`:authority` header value longer than 255 characters as SNI for outbound TLS connection. SNI length is limited to 255 characters per the standard. Envoy always expects this operation to succeed and abnormally aborts the process when it fails. This vulnerability is fixed in 1.30.1, 1.29.4, 1.28.3, and 1.27.5.
",0.00685,0.49404,False,,,,,
CVE-2024-23326,5.9,MEDIUM,2024-06-04T21:15:33.440,"Envoy is a cloud-native, open source edge and service proxy. A theoretical request smuggling vulnerability exists through Envoy if a server can be tricked into adding an upgrade header into a response. Per RFC https://www.rfc-editor.org/rfc/rfc7230#section-6.7 a server sends 101 when switching protocols. Envoy incorrectly accepts a 200 response from a server when requesting a protocol upgrade, but 200 does not indicate protocol switch. This opens up the possibility of request smuggling through Envoy if the server can be tricked into adding the upgrade header to the response.

",0.00361,0.29106,False,,,,,
CVE-2024-32974,5.9,MEDIUM,2024-06-04T21:15:33.773,"Envoy is a cloud-native, open source edge and service proxy. A crash was observed in `EnvoyQuicServerStream::OnInitialHeadersComplete()` with following call stack. It is a use-after-free caused by QUICHE continuing push request headers after `StopReading()` being called on the stream. As after `StopReading()`, the HCM's `ActiveStream` might have already be destroyed and any up calls from QUICHE could potentially cause use after free. 
",0.00693,0.49705,False,,,,,
CVE-2024-32975,5.9,MEDIUM,2024-06-04T21:15:33.987,"Envoy is a cloud-native, open source edge and service proxy. There is a crash at `QuicheDataReader::PeekVarInt62Length()`. It is caused by integer underflow in the `QuicStreamSequencerBuffer::PeekRegion()` implementation.",0.00693,0.49705,False,,,,,
CVE-2024-32976,7.5,HIGH,2024-06-04T21:15:34.220,"Envoy is a cloud-native, open source edge and service proxy. Envoyproxy with a Brotli filter can get into an endless loop during decompression of Brotli data with extra input.",0.0068,0.492,False,,,,,
CVE-2024-34362,5.9,MEDIUM,2024-06-04T21:15:34.530,"Envoy is a cloud-native, open source edge and service proxy. There is a use-after-free in `HttpConnectionManager` (HCM) with `EnvoyQuicServerStream` that can crash Envoy. An attacker can exploit this vulnerability by sending a request without `FIN`, then a `RESET_STREAM` frame, and then after receiving the response, closing the connection.",0.00589,0.45184,False,,,,,
CVE-2024-34363,7.5,HIGH,2024-06-04T21:15:34.743,"Envoy is a cloud-native, open source edge and service proxy. Due to how Envoy invoked the nlohmann JSON library, the library could throw an uncaught exception from downstream data if incomplete UTF-8 strings were serialized. The uncaught exception would cause Envoy to crash.",0.00674,0.48963,False,,,,,
CVE-2024-34364,5.7,MEDIUM,2024-06-04T21:15:34.977,"Envoy is a cloud-native, open source edge and service proxy. Envoy exposed an out-of-memory (OOM) vector from the mirror response, since async HTTP client will buffer the response with an unbounded buffer.",0.00471,0.38561,False,,,,,
CVE-2024-37307,7.9,HIGH,2024-06-13T16:15:11.180,"Cilium is a networking, observability, and security solution with an eBPF-based dataplane. Starting in version 1.13.0 and prior to versions 1.13.7, 1.14.12, and 1.15.6, the output of `cilium-bugtool` can contain sensitive data when the tool is run (with the `--envoy-dump` flag set) against Cilium deployments with the Envoy proxy enabled. Users of the TLS inspection, Ingress with TLS termination, Gateway API with TLS termination, and Kafka network policies with API key filtering features are affected. The sensitive data includes the CA certificate, certificate chain, and private key used by Cilium HTTP Network Policies, and when using Ingress/Gateway API and the API keys used in Kafka-related network policy. `cilium-bugtool` is a debugging tool that is typically invoked manually and does not run during the normal operation of a Cilium cluster. This issue has been patched in Cilium v1.15.6, v1.14.12, and v1.13.17. There is no workaround to this issue.",0.0018,0.07725,False,,,,,
CVE-2024-39305,6.5,MEDIUM,2024-07-01T21:15:04.520,"Envoy is a cloud-native, open source edge and service proxy. Prior to versions 1.30.4, 1.29.7, 1.28.5, and 1.27.7. Envoy references already freed memory when route hash policy is configured with cookie attributes. Note that this vulnerability has been fixed in the open as the effect would be immediately apparent if it was configured. Memory allocated for holding attribute values is freed after configuration was parsed. During request processing Envoy will attempt to copy content of de-allocated memory into request cookie header. This can lead to arbitrary content of Envoy's memory to be sent to the upstream service or abnormal process termination. This vulnerability is fixed in Envoy versions v1.30.4, v1.29.7, v1.28.5, and v1.27.7. As a workaround, do not use cookie attributes in route action hash policy.",0.00647,0.47821,False,,,,,
CVE-2024-21876,9.1,CRITICAL,2024-08-12T13:38:14.743,Improper Limitation of a Pathname to a Restricted Directory ('Path Traversal') vulnerability via a URL parameter in Enphase IQ Gateway (formerly known as Envoy) allows an unautheticated attacker to access or create arbitratry files.This issue affects Envoy: from 4.x to 8.x and < 8.2.4225.,0.00796,0.53219,False,,,,,
CVE-2024-21877,6.5,MEDIUM,2024-08-12T13:38:14.980,Improper Limitation of a Pathname to a Restricted Directory ('Path Traversal') vulnerability through a url parameter in Enphase IQ Gateway (formerly known as Envoy) allows File Manipulation. The endpoint requires authentication.This issue affects Envoy: from 4.x to 8.0 and < 8.2.4225.,0.00779,0.52685,False,,,,,
CVE-2024-21878,9.8,CRITICAL,2024-08-12T13:38:15.107,Improper Neutralization of Special Elements used in a Command ('Command Injection') vulnerability in Enphase IQ Gateway (formerly known as Envoy) allows OS Command Injection. This vulnerability is present in an internal script.This issue affects Envoy: from 4.x up to and including 8.x and is currently unpatched.,0.01433,0.7069,False,,,,,
CVE-2024-21879,8.8,HIGH,2024-08-12T13:38:15.237,Improper Neutralization of Special Elements used in a Command ('Command Injection') vulnerability through an url parameter of an authenticated enpoint in Enphase IQ Gateway (formerly known as Envoy) allows OS Command Injection.This issue affects Envoy: from 4.x to 8.x and < 8.2.4225.,0.02475,0.83097,False,,,,,
CVE-2024-21880,7.2,HIGH,2024-08-12T13:38:15.357,Improper Neutralization of Special Elements used in a Command ('Command Injection') vulnerability via the url parameter of an authenticated enpoint in Enphase IQ Gateway (formerly known as Enphase) allows OS Command Injection.This issue affects Envoy: 4.x <= 7.x,0.02334,0.82035,False,,,,,
CVE-2024-21881,,,2024-08-12T13:38:15.500,Inadequate Encryption Strength vulnerability allow an authenticated attacker to execute arbitrary OS Commands via encrypted package upload.This issue affects Envoy: 4.x and 5.x,0.00287,0.21093,False,,,,,
CVE-2024-45806,6.5,MEDIUM,2024-09-20T00:15:02.293,"Envoy is a cloud-native high-performance edge/middle/service proxy. A security vulnerability in Envoy allows external clients to manipulate Envoy headers, potentially leading to unauthorized access or other malicious actions within the mesh. This issue arises due to Envoy's default configuration of internal trust boundaries, which considers all RFC1918 private address ranges as internal. The default behavior for handling internal addresses in Envoy has been changed. Previously, RFC1918 IP addresses were automatically considered internal, even if the internal_address_config was empty.  The default configuration of Envoy will continue to trust internal addresses while in this release and it will not trust them by default in next release. If you have tooling such as probes on your private network which need to be treated as trusted (e.g. changing arbitrary x-envoy headers) please explicitly include those addresses or CIDR ranges into `internal_address_config`. Successful exploitation could allow attackers to bypass security controls, access sensitive data, or disrupt services within the mesh, like Istio. This issue has been addressed in versions 1.31.2, 1.30.6, 1.29.9, and 1.28.7. Users are advised to upgrade. There are no known workarounds for this vulnerability.",0.00378,0.30745,False,,,,,
CVE-2024-45807,7.5,HIGH,2024-09-20T00:15:02.520,"Envoy is a cloud-native high-performance edge/middle/service proxy. Envoy's 1.31 is using `oghttp` as the default HTTP/2 codec, and there are potential bugs around stream management in the codec. To resolve this Envoy will switch off the `oghttp2` by default. The impact of this issue is that envoy will crash. This issue has been addressed in release version 1.31.2. All users are advised to upgrade. There are no known workarounds for this issue.",0.00495,0.40061,False,,,,,
CVE-2024-45808,6.5,MEDIUM,2024-09-20T00:15:02.733,"Envoy is a cloud-native high-performance edge/middle/service proxy. A vulnerability has been identified in Envoy that allows malicious attackers to inject unexpected content into access logs. This is achieved by exploiting the lack of validation for the `REQUESTED_SERVER_NAME` field for access loggers. This issue has been addressed in versions 1.31.2, 1.30.6, 1.29.9, and 1.28.7. Users are advised to upgrade. There are no known workarounds for this vulnerability.",0.00353,0.2829,False,,,,,
CVE-2024-45809,5.3,MEDIUM,2024-09-20T00:15:02.930,"Envoy is a cloud-native high-performance edge/middle/service proxy. Jwt filter will lead to an Envoy crash when clear route cache with remote JWKs. In the following case: 1. remote JWKs are used, which requires async header processing; 2. clear_route_cache is enabled on the provider; 3. header operations are enabled in JWT filter, e.g. header to claims feature; 4. the routing table is configured in a way that the JWT header operations modify requests to not match any route. When these conditions are met, a crash is triggered in the upstream code due to nullptr reference conversion from route(). The root cause is the ordering of continueDecoding and clearRouteCache. This issue has been addressed in versions 1.31.2, 1.30.6, and 1.29.9. Users are advised to upgrade. There are no known workarounds for this vulnerability.",0.00373,0.30244,False,,,,,
CVE-2024-45810,6.5,MEDIUM,2024-09-20T00:15:03.153,"Envoy is a cloud-native high-performance edge/middle/service proxy. Envoy will crash when the http async client is handling `sendLocalReply` under some circumstance, e.g., websocket upgrade, and requests mirroring. The http async client will crash during the `sendLocalReply()` in http async client, one reason is http async client is duplicating the status code, another one is the destroy of router is called at the destructor of the async stream, while the stream is deferred deleted at first. There will be problems that the stream decoder is destroyed but its reference is called in `router.onDestroy()`, causing segment fault. This will impact ext_authz if the `upgrade` and `connection` header are allowed, and request mirrorring. This issue has been addressed in versions 1.31.2, 1.30.6, 1.29.9, and 1.28.7. Users are advised to upgrade. There are no known workarounds for this vulnerability.",0.00637,0.4738,False,,,,,
CVE-2024-53269,4.5,MEDIUM,2024-12-18T20:15:24.127,"Envoy is a cloud-native high-performance edge/middle/service proxy. When additional address are not ip addresses, then the Happy Eyeballs sorting algorithm will crash in data plane. This issue has been addressed in releases 1.32.2, 1.31.4, and 1.30.8. Users are advised to upgrade. Users unable to upgrade may disable Happy Eyeballs and/or change the IP configuration.",0.00684,0.49362,False,,,,,
CVE-2024-53270,7.5,HIGH,2024-12-18T20:15:24.290,"Envoy is a cloud-native high-performance edge/middle/service proxy. In affected versions `sendOverloadError` is going to assume the active request exists when `envoy.load_shed_points.http1_server_abort_dispatch` is configured. If `active_request` is nullptr, only onMessageBeginImpl() is called. However, the `onMessageBeginImpl` will directly return ok status if the stream is already reset leading to the nullptr reference. The downstream reset can actually happen during the H/2 upstream reset. As a result envoy may crash. This issue has been addressed in releases 1.32.3, 1.31.5, 1.30.9, and 1.29.12. Users are advised to upgrade. Users unable to upgrade may disable `http1_server_abort_dispatch` load shed point and/or use a high threshold.",0.007,0.49967,False,,,,,
CVE-2024-53271,7.1,HIGH,2024-12-18T20:15:24.433,Envoy is a cloud-native high-performance edge/middle/service proxy. In affected versions envoy  does not properly handle http 1.1 non-101 1xx responses. This can lead to downstream failures in networked devices. This issue has been addressed in versions 1.31.5 and 1.32.3. Users are advised to upgrade. There are no known workarounds for this issue.,0.00622,0.46755,False,,,,,
CVE-2025-24030,7.1,HIGH,2025-01-23T04:15:07.100,"Envoy Gateway is an open source project for managing Envoy Proxy as a standalone or Kubernetes-based application gateway. A user with access to the Kubernetes cluster can use a path traversal attack to execute Envoy Admin interface commands on proxies managed by any version of Envoy Gateway prior to 1.2.6. The admin interface can be used to terminate the Envoy process and extract the Envoy configuration (possibly containing confidential data). Version 1.2.6 fixes the issue. As a workaround, the `EnvoyProxy` API can be used to apply a bootstrap config patch that restricts access strictly to the prometheus stats endpoint. Find below an example of such a bootstrap patch.",0.00413,0.34288,False,,,,,
CVE-2025-0752,7.1,HIGH,2025-01-28T10:15:09.493,"A flaw was found in OpenShift Service Mesh 2.6.3 and 2.5.6. Rate-limiter avoidance, access-control bypass, CPU and memory exhaustion, and replay attacks may be possible due to improper HTTP header sanitization in Envoy.",0.00402,0.33272,False,,,,,
CVE-2025-0754,4.3,MEDIUM,2025-01-28T10:15:09.697,"The vulnerability was found in OpenShift Service Mesh 2.6.3 and 2.5.6. This issue occurs due to improper sanitization of HTTP headers by Envoy, particularly the x-forwarded-for header. This lack of sanitization can allow attackers to inject malicious payloads into service mesh logs, leading to log injection and spoofing attacks. Such injections can mislead logging mechanisms, enabling attackers to manipulate log entries or execute reflected cross-site scripting (XSS) attacks.",0.00258,0.17488,False,,,,,
CVE-2025-23556,7.1,HIGH,2025-03-03T14:15:41.180,Improper Neutralization of Input During Web Page Generation ('Cross-site Scripting') vulnerability in netbitsolutions Push Envoy Notifications push-envoy allows Reflected XSS.This issue affects Push Envoy Notifications: from n/a through <= 1.0.0.,0.00357,0.28616,False,,,,,
CVE-2025-25294,5.3,MEDIUM,2025-03-06T19:15:27.267,"Envoy Gateway is an open source project for managing Envoy Proxy as a standalone or Kubernetes-based application gateway. In all Envoy Gateway versions prior to 1.2.7 and 1.3.1 a default Envoy Proxy access log configuration is used. This format is vulnerable to log injection attacks. If the attacker uses a specially crafted user-agent which performs json injection, then he could add and overwrite fields to the access log. This vulnerability is fixed in 1.3.1 and 1.2.7. One can overwrite the old text based default format with JSON formatter by modifying the ""EnvoyProxy.spec.telemetry.accessLog"" setting.",0.00276,0.19827,False,,,,,
CVE-2025-30157,6.5,MEDIUM,2025-03-21T15:15:43.290,"Envoy is a cloud-native high-performance edge/middle/service proxy. Prior to 1.33.1, 1.32.4, 1.31.6, and 1.30.10, Envoy's ext_proc HTTP filter is at risk of crashing if a local reply is sent to the external server due to the filter's life time issue. A known situation is the failure of a websocket handshake will trigger a local reply leading to the crash of Envoy. This vulnerability is fixed in 1.33.1, 1.32.4, 1.31.6, and 1.30.10.",0.00403,0.33313,False,,,,,
CVE-2025-22021,10.0,CRITICAL,2025-04-16T11:15:42.773,"In the Linux kernel, the following vulnerability has been resolved:

netfilter: socket: Lookup orig tuple for IPv6 SNAT

nf_sk_lookup_slow_v4 does the conntrack lookup for IPv4 packets to
restore the original 5-tuple in case of SNAT, to be able to find the
right socket (if any). Then socket_match() can correctly check whether
the socket was transparent.

However, the IPv6 counterpart (nf_sk_lookup_slow_v6) lacks this
conntrack lookup, making xt_socket fail to match on the socket when the
packet was SNATed. Add the same logic to nf_sk_lookup_slow_v6.

IPv6 SNAT is used in Kubernetes clusters for pod-to-world packets, as
pods' addresses are in the fd00::/8 ULA subnet and need to be replaced
with the node's external address. Cilium leverages Envoy to enforce L7
policies, and Envoy uses transparent sockets. Cilium inserts an iptables
prerouting rule that matches on `-m socket --transparent` and redirects
the packets to localhost, but it fails to match SNATed IPv6 packets due
to that missing conntrack lookup.",0.00429,0.35602,False,,,,,
CVE-2025-46821,5.3,MEDIUM,2025-05-07T22:15:21.170,"Envoy is a cloud-native edge/middle/service proxy. Prior to versions 1.34.1, 1.33.3, 1.32.6, and 1.31.8, Envoy's URI template matcher incorrectly excludes the `*` character from a set of valid characters in the URI path. As a result URI path containing the `*` character will not match a URI template expressions. This can result in bypass of RBAC rules when configured using the `uri_template` permissions. This vulnerability is fixed in Envoy versions v1.34.1, v1.33.3, v1.32.6, v1.31.8. As a workaround, configure additional RBAC permissions using `url_path` with `safe_regex` expression.",0.00263,0.18157,False,,,,,
CVE-2025-54588,7.5,HIGH,2025-09-03T00:15:30.067,"Envoy is an open source L7 proxy and communication bus designed for large modern service oriented architectures. Versions 1.34.0 through 1.34.4 and 1.35.0 contain a use-after-free (UAF) vulnerability in the DNS cache, causing abnormal process termination. The vulnerability is in Envoy's Dynamic Forward Proxy implementation, occurring when a completion callback for a DNS resolution triggers new DNS resolutions or removes existing pending resolutions. This condition may occur when the following conditions are met: dynamic Forwarding Filter is enabled, the `envoy.reloadable_features.dfp_cluster_resolves_hosts` runtime flag is enabled, and the Host header is modified between the Dynamic Forwarding Filter and Router filters. This issue is resolved in versions 1.34.5 and 1.35.1. To work around this issue, set the envoy.reloadable_features.dfp_cluster_resolves_hosts runtime flag to false.",0.00471,0.38566,False,,,,,
CVE-2025-55162,6.3,MEDIUM,2025-09-03T20:15:33.697,"Envoy is an open source L7 proxy and communication bus designed for large modern service oriented architectures. In versions below 1.32.10 and 1.33.0 through 1.33.6, 1.34.0 through 1.34.4 and 1.35.0, insufficient Session Expiration in the Envoy OAuth2 filter leads to failed logout operations. When configured with __Secure- or __Host- prefixed cookie names, the filter fails to append the required Secure attribute to the Set-Cookie header during deletion. Modern browsers ignore this invalid request, causing the session cookie to persist. This allows a user to remain logged in after they believe they have logged out, creating a session hijacking risk on shared computers. The current implementation iterates through the configured cookie names to generate deletion headers but does not check for these prefixes. This failure to properly construct the deletion header means the user's session cookies are never removed by the browser, leaving the session active and allowing the next user of the same browser to gain unauthorized access to the original user's account and data. This is fixed in versions 1.32.10, 1.33.7, 1.34.5 and 1.35.1.",0.00332,0.25974,False,,,,,
CVE-2025-62409,7.5,HIGH,2025-10-16T18:15:39.583,"Envoy is a cloud-native, open source edge and service proxy. Prior to 1.36.1, 1.35.5, 1.34.9, and 1.33.10, large requests and responses can potentially trigger TCP connection pool crashes due to flow control management in Envoy. It will happen when the connection is closing but upstream data is still coming, resulting in a buffer watermark callback nullptr reference. The vulnerability impacts TCP proxy and HTTP 1 & 2 mixed use cases based on ALPN. This vulnerability is fixed in 1.36.1, 1.35.5, 1.34.9, and 1.33.10.",0.00425,0.35279,False,,,,,
CVE-2025-62504,6.5,MEDIUM,2025-10-16T22:15:31.527,"Envoy is an open source edge and service proxy. Envoy versions earlier than 1.36.2, 1.35.6, 1.34.10, and 1.33.12 contain a use-after-free vulnerability in the Lua filter. When a Lua script executing in the response phase rewrites a response body so that its size exceeds the configured per_connection_buffer_limit_bytes (default 1MB), Envoy generates a local reply whose headers override the original response headers, leaving dangling references and causing a crash. This results in denial of service. Updating to versions 1.36.2, 1.35.6, 1.34.10, or 1.33.12 fixes the issue. Increasing per_connection_buffer_limit_bytes (and for HTTP/2 the initial_stream_window_size) or increasing per_request_buffer_limit_bytes / request_body_buffer_limit can reduce the likelihood of triggering the condition but does not correct the underlying memory safety flaw.",0.00392,0.32179,False,,,,,
CVE-2025-64171,,,2025-11-06T01:15:38.493,"MARIN3R is a lightweight, CRD based envoy control plane for kubernetes. In versions 0.13.3 and below, there is a cross-namespace secret access vulnerability in the project's DiscoveryServiceCertificate which allows users to bypass RBAC and access secrets in unauthorized namespaces. This issue is fixed in version 0.13.4.",0.00202,0.10326,False,,,,,
CVE-2025-64527,6.5,MEDIUM,2025-12-03T18:15:46.863,"Envoy is a high-performance edge/middle/service proxy. In 1.33.12, 1.34.10, 1.35.6, 1.36.2, and earlier, Envoy crashes when JWT authentication is configured with the remote JWKS fetching, allow_missing_or_failed is enabled, multiple JWT tokens are present in the request headers and the JWKS fetch fails. This is caused by a re-entry bug in the JwksFetcherImpl. When the first token's JWKS fetch fails, onJwksError() callback triggers processing of the second token, which calls fetch() again on the same fetcher object. The original callback's reset() then clears the second fetch's state (receiver_ and request_) which causes a crash when the async HTTP response arrives.",0.00538,0.4261,False,,,,,
CVE-2025-64763,3.7,LOW,2025-12-03T18:15:47.037,"Envoy is a high-performance edge/middle/service proxy. In 1.33.12, 1.34.10, 1.35.6, 1.36.2, and earlier, when Envoy is configured in TCP proxy mode to handle CONNECT requests, it accepts client data before issuing a 2xx response and forwards that data to the upstream TCP connection. If a forwarding proxy upstream from Envoy then responds with a non-2xx status, this can cause a de-synchronized CONNECT tunnel state. By default Envoy continues to allow early CONNECT data to avoid disrupting existing deployments. The envoy.reloadable_features.reject_early_connect_data runtime flag can be set to reject CONNECT requests that send data before a 2xx response when intermediaries upstream from Envoy may reject establishment of a CONNECT tunnel.",0.00306,0.23069,False,,,,,
CVE-2025-66220,5.0,MEDIUM,2025-12-03T19:15:58.010,"Envoy is a high-performance edge/middle/service proxy. In 1.33.12, 1.34.10, 1.35.6, 1.36.2, and earlier, Envoy’s mTLS certificate matcher for match_typed_subject_alt_names may incorrectly treat certificates containing an embedded null byte (\0) inside an OTHERNAME SAN value as valid matches.",0.0017,0.06683,False,,,,,
CVE-2026-22771,8.8,HIGH,2026-01-12T19:16:03.470,"Envoy Gateway is an open source project for managing Envoy Proxy as a standalone or Kubernetes-based application gateway. Prior to 1.5.7 and 1.6.2, EnvoyExtensionPolicy Lua scripts executed by Envoy proxy can be used to leak the proxy's credentials. These credentials can then be used to communicate with the control plane and gain access to all secrets that are used by Envoy proxy, e.g. TLS private keys and credentials used for downstream and upstream communication. This vulnerability is fixed in 1.5.7 and 1.6.2.",0.00577,0.44604,False,,,,,
CVE-2026-26205,,,2026-02-19T20:25:43.263,"opa-envoy-plugun is a plugin to enforce OPA policies with Envoy. Versions prior to 1.13.2-envoy-2 have a vulnerability in how the `input.parsed_path` field is constructed. HTTP request paths are treated as full URIs when parsed; interpreting leading path segments prefixed with double slashes (`//`) as authority components, and therefore dropping them from the parsed path. This creates a path interpretation mismatch between authorization policies and backend servers, enabling attackers to bypass access controls by crafting requests where the authorization filter evaluates a different path than the one ultimately served. Version 1.13.2-envoy-2 fixes the issue.",0.0038,0.30988,False,,,,,
CVE-2026-26308,7.5,HIGH,2026-03-10T20:16:35.707,"Envoy is a high-performance edge/middle/service proxy. Prior to 1.37.1, 1.36.5, 1.35.8, and 1.34.13, the Envoy RBAC (Role-Based Access Control) filter contains a logic vulnerability in how it validates HTTP headers when multiple values are present for the same header name. Instead of validating each header value individually, Envoy concatenates all values into a single comma-separated string. This behavior allows attackers to bypass RBAC policies—specifically ""Deny"" rules—by sending duplicate headers, effectively obscuring the malicious value from exact-match mechanisms. This vulnerability is fixed in 1.37.1, 1.36.5, 1.35.8, and 1.34.13.",0.00293,0.21698,False,,,,,
CVE-2026-26309,5.3,MEDIUM,2026-03-10T20:16:35.880,"Envoy is a high-performance edge/middle/service proxy. Prior to 1.37.1, 1.36.5, 1.35.8, and 1.34.13, an off-by-one write in Envoy::JsonEscaper::escapeString() can corrupt std::string null-termination, causing undefined behavior and potentially leading to crashes or out-of-bounds reads when the resulting string is later treated as a C-string. This vulnerability is fixed in 1.37.1, 1.36.5, 1.35.8, and 1.34.13.",0.00365,0.29447,False,,,,,
CVE-2026-26310,5.9,MEDIUM,2026-03-10T20:16:36.030,"Envoy is a high-performance edge/middle/service proxy. Prior to 1.37.1, 1.36.5, 1.35.8, and 1.34.13, calling Utility::getAddressWithPort with a scoped IPv6 addresses causes a crash. This utility is called in the data plane from the original_src filter and the dns filter. This vulnerability is fixed in 1.37.1, 1.36.5, 1.35.8, and 1.34.13.",0.00388,0.31836,False,,,,,
CVE-2026-26311,5.9,MEDIUM,2026-03-10T20:16:36.183,"Envoy is a high-performance edge/middle/service proxy. Prior to 1.37.1, 1.36.5, 1.35.8, and 1.34.13, a logic vulnerability in Envoy's HTTP connection manager (FilterManager) that allows for Zombie Stream Filter Execution. This issue creates a ""Use-After-Free"" (UAF) or state-corruption window where filter callbacks are invoked on an HTTP stream that has already been logically reset and cleaned up. The vulnerability resides in source/common/http/filter_manager.cc within the FilterManager::decodeData method. The ActiveStream object remains valid in memory during the deferred deletion window. If a DATA frame arrives on this stream immediately after the reset (e.g., in the same packet processing cycle), the HTTP/2 codec invokes ActiveStream::decodeData, which cascades to FilterManager::decodeData. FilterManager::decodeData fails to check the saw_downstream_reset_ flag. It iterates over the decoder_filters_ list and invokes decodeData() on filters that have already received onDestroy(). This vulnerability is fixed in 1.37.1, 1.36.5, 1.35.8, and 1.34.13.",0.00337,0.2648,False,,,,,
CVE-2026-26330,5.3,MEDIUM,2026-03-10T20:16:36.360,"Envoy is a high-performance edge/middle/service proxy. Prior to 1.37.1, 1.36.5, 1.35.8, and 1.34.13, At the rate limit filter, if the response phase limit with apply_on_stream_done in the rate limit configuration is enabled and the response phase limit request fails directly, it may crash Envoy. When both the request phase limit and response phase limit are enabled, the safe gRPC client instance will be re-used for both the request phase request and response phase request. But after the request phase request is done, the inner state of the request phase limit request in gRPC client is not cleaned up. When a second limit request is sent at response phase, and the second limit request fails directly, the previous request's inner state may be accessed and result in crash. This vulnerability is fixed in 1.37.1, 1.36.5, 1.35.8, and 1.34.13.",0.00315,0.24064,False,,,,,
CVE-2026-31838,5.3,MEDIUM,2026-03-10T22:16:21.870,"Istio is an open platform to connect, manage, and secure microservices. Prior to 1.29.1, 1.28.5, and 1.27.8, a vulnerability in Envoy RBAC header matching could allow authorization policy bypass when policies rely on HTTP headers that may contain multiple values. An attacker could craft requests with multiple header values in a way that causes Envoy to evaluate the header differently than intended, potentially bypassing authorization checks. This may allow unauthorized requests to reach protected services when policies depend on such header-based matching conditions. This vulnerability is fixed in 1.29.1, 1.28.5, and 1.27.8.",0.00214,0.11955,False,,,,,
CVE-2026-23941,9.4,CRITICAL,2026-03-13T19:54:15.237,"Inconsistent Interpretation of HTTP Requests ('HTTP Request Smuggling') vulnerability in Erlang OTP (inets httpd module) allows HTTP Request Smuggling.

This vulnerability is associated with program files lib/inets/src/http_server/httpd_request.erl and program routines httpd_request:parse_headers/7.

The server does not reject or normalize duplicate Content-Length headers. The earliest Content-Length in the request is used for body parsing while common reverse proxies (nginx, Apache httpd, Envoy) honor the last Content-Length value. This violates RFC 9112 Section 6.3 and allows front-end/back-end desynchronization, leaving attacker-controlled bytes queued as the start of the next request.

This issue affects OTP from OTP 17.0 before OTP 28.4.1, OTP 27.3.4.9 and OTP 26.2.5.18, corresponding to inets from 5.10 before 9.6.1, 9.3.2.3 and 9.1.0.5.",0.00528,0.42028,False,,,,,
CVE-2026-32811,8.2,HIGH,2026-03-20T02:16:34.857,"Heimdall is a cloud native Identity Aware Proxy and Access Control Decision service. When using Heimdall in envoy gRPC decision API mode with versions 0.7.0-alpha through 0.17.10, wrong encoding of the query URL string allows rules with non-wildcard path expressions to be bypassed. Envoy splits the requested URL into parts, and sends the parts individually to Heimdall. Although query and path are present in the API, the query field is documented to be always empty and the URL query is included in the path field. The implementation uses go's url library to reconstruct the url which automatically encodes special characters in the path. As a consequence, a parameter like /mypath?foo=bar to Path is escaped into /mypath%3Ffoo=bar. Subsequently, a rule matching /mypath no longer matches and is bypassed. The issue can only lead to unintended access if Heimdall is configured with an ""allow all"" default rule. Since v0.16.0, Heimdall enforces secure defaults and refuses to start with such a configuration unless this enforcement is explicitly disabled, e.g. via --insecure-skip-secure-default-rule-enforcement or the broader --insecure flag. This issue has been fixed in version 0.17.11.",0.003,0.22445,False,,,,,
CVE-2026-41246,8.1,HIGH,2026-04-23T19:17:29.670,"Contour is a Kubernetes ingress controller using Envoy proxy. From v1.19.0 to before v1.33.4, v1.32.5, and v1.31.6, Contour's Cookie Rewriting feature is vulnerable to Lua code injection. An attacker with RBAC permissions to create or modify HTTPProxy resources can craft a malicious value in spec.routes[].cookieRewritePolicies[].pathRewrite.value or spec.routes[].services[].cookieRewritePolicies[].pathRewrite.value that results in arbitrary code execution in the Envoy proxy. The cookie rewriting feature is internally implemented using Envoy's HTTP Lua filter. User-controlled values are interpolated into Lua source code using Go text/template without sufficient sanitization. The injected code only executes when processing traffic on the attacker's own route, which they already control. However, since Envoy runs as shared infrastructure, the injected code can also read Envoy's xDS client credentials from the filesystem or cause denial of service for other tenants sharing the Envoy instance. This vulnerability is fixed in v1.33.4, v1.32.5, and v1.31.6.",0.00482,0.39269,False,,,,,
CVE-2026-6994,6.3,MEDIUM,2026-04-25T19:16:00.360,A weakness has been identified in Envoy up to 1.33.0. Affected is the function params.add of the file source/extensions/filters/http/header_mutation/header_mutation.cc of the component Query Parameter Handler. This manipulation causes injection. Remote exploitation of the attack is possible. Patch name: f8f4f1e02fdc64ecd4acf2d903208dd7285ad3a4. It is suggested to install a patch to address this issue.,0.00228,0.13622,False,,,,,
CVE-2026-41413,5.0,MEDIUM,2026-05-07T06:16:04.730,"Istio is an open platform to connect, manage, and secure microservices. Prior to versions 1.28.6 and 1.29.2, when a RequestAuthentication resource is created with a jwksUri pointing to an internal service, istiod makes an unauthenticated HTTP GET request to that URL without filtering out localhost or link local ips. This can result in sensitive data being distributed to Envoy proxies via xDS configuration. This issue has been patched in versions 1.28.6 and 1.29.2.",0.00329,0.25598,False,,,,,
CVE-2026-45021,,,2026-05-28T18:16:34.167,"Kuma is a modern Envoy-based service mesh that can run on every cloud across both Kubernetes and VMs. Prior to 2.7.25, 2.9.15, 2.11.13, 2.12.10, and 2.13.5, the default kuma-cp config leaks the admin bootstrap token and signing keys to any webpage the operator visits while the control plane is reachable from their browser. CorsAllowedDomains: ["".*""] reflects any Origin, and LocalhostIsAdmin: true promotes requests from 127.0.0.1 to mesh-system:admin. A cross-origin fetch() from a malicious page returns the admin JWT and signing material. This vulnerability is fixed in 2.7.25, 2.9.15, 2.11.13, 2.12.10, and 2.13.5.",0.00204,0.10579,False,,,,,
CVE-2026-41017,5.9,MEDIUM,2026-06-01T09:16:18.343,"Apache Airflow's `JWTRefreshMiddleware` set the JWT auth cookie without the `Secure` flag, so deployments running the Airflow API server behind an HTTPS-terminating reverse proxy (e.g. nginx / Envoy / a managed load balancer that terminates TLS and forwards plaintext to the API server, the default cloud-native topology) would have the user's session JWT replayed over any cleartext HTTP request to the same host. A network-positioned attacker (Wi-Fi MITM, hostile LAN, captive-portal proxy) could induce a logged-in user's browser to issue an HTTP request to the deployment's hostname and capture the JWT cookie out of that request, then replay it against the authenticated API. Affects deployments where the Airflow API server is reached through a TLS-terminating proxy and the cookie's secure-by-default protection is load-bearing for session integrity. Users are advised to upgrade to `apache-airflow` 3.2.2 or later.",0.0035,0.27941,False,,,,,
CVE-2026-47774,7.5,HIGH,2026-06-17T18:18:02.643,"Envoy is an open source edge and service proxy designed for cloud-native applications. Prior to versions 1.35.11, 1.36.7, 1.37.3, and 1.38.1, a vulnerability in Envoy's HTTP/2 downstream request processing allows an unauthenticated remote client to trigger excessive memory consumption, potentially resulting in OOM termination of the Envoy process and denial of service. The issue arises from the combination of two behaviors. First, cookie header bytes are not fully accounted for during request header size validation in Envoy. Second, HPACK header block limits in oghttp2/quiche are enforced on encoded bytes without a corresponding limit on total decoded header size. Together, these behaviors allow a malicious client to cause large decoded header allocations while bypassing the intended request header size protections. Versions 1.35.11, 1.36.7, 1.37.3, and 1.38.1 contain a fix. No complete workaround is known short of applying a fix. Possible temporary mitigations include disabling downstream HTTP/2 where operationally feasible; enforcing stricter request header and cookie limits before traffic reaches Envoy; and monitoring Envoy memory usage for abnormal growth under HTTP/2 traffic.",0.00967,0.58628,False,,,,,
CVE-2026-48794,,,2026-06-19T21:17:01.293,"Authelia is an open-source authentication and authorization server providing two-factor authentication and single sign-on (SSO) for applications via a web portal. In versions 4.36.0 through 4.39.19, due to lack of canonicalization of domains in very specific edge cases, an access control rule may be skipped when it should match a request. The specific conditions that could lead to a security issue for vulnerability are: 1. The specific target resource of the attack must be using the forwarded authorization integration; 2. The requested domain must have two additional segments compared to a session domain i.e. `a.b.example.com` is requested, but the session domain is `example.com`; 3. There access control rules must specify two separate rules which both contain inexact domain matches such as `*.b.example.com` and `*.example.com` i.e. wildcards, username matches, group matches; 4. The rules must be in order of most specific domain to least specific domain; 5. The second rule must be more permissive than the first rule; 6. The attacker must specifically request a URL for the more specific domain, with the second part containing one or more capitalized letters i.e. `https://a.B.example.com` and no other segment with capitalized letters; 7. The integration used must not be the Envoy ExtAuthz integration; and 8. The proxy must not canonicalize the requested host name in the relevant header before sending it to the relevant authorization endpoint. The kind of configuration used to produce this issue and result in a `bypass` rule being matched has long been highly discouraged. Essentially hosts which should be bypassed entirely should not be secured by having the proxy check them with the authorization handlers. Upgrade to 4.39.20 to receive a patch.",0.00283,0.20691,False,,,,,
CVE-2026-47204,6.5,MEDIUM,2026-06-26T18:16:58.673,"Envoy is an open source edge and service proxy designed for cloud-native applications. From 1.26.0 until 1.35.13, 1.36.9, 1.37.5, and 1.38.3, the envoy.filters.http.grpc_stats filter crashes (null pointer dereference / segfault) when a Connect protocol request (Content-Type: application/connect+proto or application/connect+json) hits a direct_response route. A single unauthenticated HTTP request crashes the Envoy process. This vulnerability is fixed in 1.35.13, 1.36.9, 1.37.5, and 1.38.3.",0.00301,0.22592,False,,,,,
CVE-2026-47207,6.5,MEDIUM,2026-06-26T18:16:58.957,"Envoy is an open source edge and service proxy designed for cloud-native applications. From 1.34.0 until 1.35.13, 1.36.9, 1.37.5, and 1.38.3, Envoy crashes if an ext_proc server sends a single gRPC message containing multiple, specially crafted ProcessingResponse messages. This can occur when the first response in the batch causes the gRPC stream object to be destroyed, leading to a use-after-free error when Envoy attempts to process subsequent responses in the same gRPC message. This vulnerability is fixed in 1.35.13, 1.36.9, 1.37.5, and 1.38.3.",0.00293,0.21647,False,,,,,
CVE-2026-47221,5.9,MEDIUM,2026-06-26T18:16:59.087,"Envoy is an open source edge and service proxy designed for cloud-native applications. From 1.18.0 until 1.35.13, 1.36.9, 1.37.5, and 1.38.3, the router filter contains a null pointer dereference vulnerability when handling HTTP 303 (See Other) internal redirects for body-less non-GET/HEAD requests. When a POST, PUT, DELETE, or PATCH request without a body is sent to a route configured with internal redirect policy that includes 303 in redirect_response_codes, and the upstream responds with HTTP 303, the redirect handling code attempts to drain a request body buffer that was never allocated. This results in a segmentation fault that crashes the entire Envoy process. When route configured with internal_redirect_policy including 303 in redirect_response_codes and upstream must return HTTP 303 response, an unauthenticated attacker can exploit this to cause complete denial of service, terminating all active connections. This vulnerability is fixed in 1.35.13, 1.36.9, 1.37.5, and 1.38.3.",0.00327,0.25426,False,,,,,
CVE-2026-47692,4.8,MEDIUM,2026-06-26T18:16:59.220,"Envoy is an open source edge and service proxy designed for cloud-native applications. From 1.34.0 until 1.35.13, 1.36.9, 1.37.5, and 1.38.3, PROXY Protocol v2 header generator emits TLVs beyond the maximum length of 65535 bytes, causing a mismatch between bytes written and the length field in the header. This can result in smuggled bytes on the upstream request. This vulnerability is fixed in 1.35.13, 1.36.9, 1.37.5, and 1.38.3.",0.00138,0.03652,False,,,,,
CVE-2026-47775,6.8,MEDIUM,2026-06-26T18:16:59.350,"Envoy is an open source edge and service proxy designed for cloud-native applications. Prior to 1.35.11, 1.36.7, 1.37.3, and 1.38.1, the OAuth2 HTTP filter's encrypt()/decrypt() functions use AES-256-CBC without an authentication tag (no HMAC, no AEAD). The /callback endpoint returns HTTP 302 on successful decryption and HTTP 401 on padding failure, creating a padding oracle. An attacker who obtains the encrypted CodeVerifier cookie can recover the plaintext PKCE code_verifier in ~6,200 requests (~100 seconds), then exchange it with a stolen authorization code to obtain the victim's access token. This vulnerability is fixed in 1.35.11, 1.36.7, 1.37.3, and 1.38.1.",0.00163,0.05925,False,,,,,
CVE-2026-47778,4.4,MEDIUM,2026-06-26T18:16:59.480,"Envoy is an open source edge and service proxy designed for cloud-native applications. Prior to 1.35.11, 1.36.7, 1.37.3, and 1.38.1, a structural flaw was identified in DefaultCertValidator::verifySubjectAltName where the extracted DNS SAN string is cast to a C-style string using .c_str() before being passed to the Utility::dnsNameMatch() algorithm. If the attacker serves a certificate with a dNSName SAN containing an embedded NUL byte, the helper Utility::generalNameAsString captures the complete string including the NUL. However, when .c_str() evaluates it, implicit conversion to absl::string_view inside dnsNameMatch relies on strlen(), prematurely truncating the evaluation context. Envoy evaluates trucated string against the exact required config_san match and returns true, thereby successfully validating the string with the Nul byte for an upstream routing. This vulnerability is fixed in 1.35.11, 1.36.7, 1.37.3, and 1.38.1.",0.00176,0.07379,False,,,,,
CVE-2026-48042,7.5,HIGH,2026-06-26T18:16:59.630,"Envoy is an open source edge and service proxy designed for cloud-native applications. Prior to 1.35.11, 1.36.7, 1.37.3, and 1.38.1, destructor of JSON Object results in stack overflow when deeply O(100K) nested objects are present. This vulnerability is fixed in 1.35.11, 1.36.7, 1.37.3, and 1.38.1.",0.00365,0.29492,False,,,,,
CVE-2026-48044,7.5,HIGH,2026-06-26T18:16:59.767,"Envoy is an open source edge and service proxy designed for cloud-native applications. From 1.23.0 until 1.35.11, 1.36.7, 1.37.3, and 1.38.1, a  vulnerability has been identified in Envoy's zstd decompressor implementation (ZstdDecompressorImpl). When zstd decompression is enabled, processing a specially crafted, highly compressed zstd payload can lead to massive memory allocation. An attacker can exploit this to cause severe memory exhaustion, potentially resulting in an Out-Of-Memory (OOM) kill and Denial of Service (DoS) for the Envoy proxy. This vulnerability is fixed in 1.35.11, 1.36.7, 1.37.3, and 1.38.1.",0.0032,0.2467,False,,,,,
CVE-2026-48497,5.9,MEDIUM,2026-06-26T18:16:59.897,"Envoy is an open source edge and service proxy designed for cloud-native applications. Prior to 1.35.11, 1.36.7, 1.37.3, and 1.38.1, in cases where UDP DNS filter is configured with local resolution containing a name with the length of 255 octets or remote resolution for a name of 255 octets long can complete successfully, a query with such name will result in abnormal process termination. The abnormal process termination is triggered by an invalid runtime precondition that the query name is strictly less than 255 octets, contradicting DNS specification rfc1035#section-2.3.4 that the name can be 255 or less octets. This vulnerability is fixed in 1.35.11, 1.36.7, 1.37.3, and 1.38.1.",0.00231,0.14091,False,,,,,
CVE-2026-48706,5.9,MEDIUM,2026-06-26T18:17:00.027,"Envoy is an open source edge and service proxy designed for cloud-native applications. From 1.34.0 until 1.35.13, 1.36.9, 1.37.5, and 1.38.3, a vulnerability exists in Envoy's TCP StatsD sink (TcpStatsdSink), where the thread-local flusher buffer can be overflowed by exceptionally long statistic names (e.g., >16KiB). During formatting, TcpStatsdSink reserves a single contiguous memory slice of 16KiB (FLUSH_SLICE_SIZE_BYTES). If formatting a single metric exceeds the remaining capacity, the flusher initiates a buffer rotation but incorrectly continues to allocate another fixed 16KiB slice. If an attacker can trigger a statistic name longer than 16KiB—for example, by sending an HTTP or gRPC request with an extremely long request path (:path) that is recorded by the grpc_stats filter configured with stats_for_all_methods: true—the flusher will attempt to copy the metric name using memcpy operations beyond the allocated heap buffer boundaries. This leads to a heap write overflow, which can cause immediate denial-of-service (process crash) or potential remote code execution (RCE). This vulnerability is fixed in 1.35.13, 1.36.9, 1.37.5, and 1.38.3.",0.00376,0.30621,False,,,,,
CVE-2026-48743,7.5,HIGH,2026-06-26T18:17:00.173,"Envoy is an open source edge and service proxy designed for cloud-native applications. Prior to 1.35.11, 1.36.7, 1.37.3, and 1.38.1, Envoy can translate a downstream HTTP/3 request that is complete at the transport layer (HEADERS with FIN / headers-only close) but still carries a nonzero Content-Length into a complete upstream HTTP/1 request with unresolved body debt. In an HTTP/1 upstream deployment where the origin replies before reading the declared body and keeps the connection reusable, the beginning of the next Envoy-generated upstream request can be consumed as the first request's body. The remaining bytes are then parsed by the origin as a new HTTP/1 request. This was reproduced as a route-bypass/desync: direct /pwn was denied by Envoy, but the second downstream H3 stream received the response for backend-parsed GET /pwn HTTP/1.1. This vulnerability is fixed in 1.35.11, 1.36.7, 1.37.3, and 1.38.1.",0.00217,0.12337,False,,,,,
CVE-2026-47205,5.9,MEDIUM,2026-06-26T19:16:40.853,"Envoy is an open source edge and service proxy designed for cloud-native applications. From 1.36.0 until 1.36.9, 1.37.5, and 1.38.3, a Use-After-Free (UAF) vulnerability leading to a sudden segmentation fault exists in Envoy's ext_authz HTTP filter when processing per-route authorization overrides concurrently with rapid downstream client disconnects. During standard request lifecycles, Envoy instantiates the ext_authz filter with a foundational authorization client object (client_). If a matched route dictates a dynamic per-route HTTP or gRPC authorization service override, the filter generates a localized client. In the vulnerable implementation, this transient client aggressively overwrote the default client_ unique pointer by executing client_ = std::move(per_route_client). When a client rapidly establishes and subsequently tears down a stream (such as rapidly refreshing a protected WebSocket endpoint), the downstream triggers the ConnectionManagerImpl::doDeferredStreamDestroy() -> ActiveStream::onResetStream() lifecycle. Envoy immediately sequences Filter::onDestroy() in an attempt to securely abort dispatched asynchronous authorization check transactions via client_->cancel(). By destructing the default client abruptly during initiateCall, a memory lifecycle misalignment occurs within the async client manager. The stream teardown fails to reliably track and cancel the dynamically bound asynchronous authorization tasks, orchestrating a sequence where a late asynchronous callback from the network evaluates against a heavily destroyed ActiveStream validation span, generating a UAF process crash. This vulnerability is fixed in 1.36.9, 1.37.5, and 1.38.3.",0.00274,0.19674,False,,,,,
CVE-2026-47220,7.5,HIGH,2026-06-26T19:16:41.173,"Envoy is an open source edge and service proxy designed for cloud-native applications. From 1.37.0 until 1.37.5 and 1.38.3, when the %REQUESTED_SERVER_NAME(X:Y)% is used in log format and host related options is specified, like HOST_FIRST, SNI_FIRST, it's possible to crash Envoy when the specified host header is missing in the request headers. This vulnerability is fixed in 1.37.5 and 1.38.3.",0.00424,0.35197,False,,,,,
CVE-2026-48090,5.9,MEDIUM,2026-06-26T19:16:41.590,"Envoy is an open source edge and service proxy designed for cloud-native applications. From 1.37.0 until 1.37.5 and 1.38.3, the HTTP OAuth2 filter (envoy.filters.http.oauth2) can leave an in-flight async token exchange attached to a downstream stream that has already been torn down. A late AsyncClient completion can still invoke OAuth2Filter methods that use StreamDecoderFilterCallbacks after that object’s lifetime has ended, causing undefined behavior, worker crashes (availability loss), and use-after-free / invalid-vptr failures under AddressSanitizer. This is a memory-safety / lifetime issue in the data plane, not a trivial config bug. Remote code execution is not claimed here; the primary demonstrated impact is DoS via crash and UB; any further impact would be deployment- and allocator-dependent.  This vulnerability is fixed in 1.37.5 and 1.38.3.",0.00426,0.35368,False,,,,,
CVE-2026-12382,8.2,HIGH,2026-07-15T18:16:44.307,"A flaw was found in the AAP Gateway Envoy proxy configuration. The non-mTLS route to EDA event streams does not remove the Subject HTTP header from client requests, despite the source code defining requestHeadersToRemove for this header. An unauthenticated remote attacker can inject a spoofed Subject header matching a legitimate client certificate DN to bypass mTLS authentication and inject arbitrary events into protected EDA event streams.",0.00366,0.29548,False,,,,,
CVE-2026-49445,9.2,CRITICAL,2026-07-15T20:17:10.453,"Cilium is a networking, observability, and security solution. Prior to 1.17.14, 1.18.8, and 1.19.2, when Cilium L7 functionality is enabled, the embedded or standalone Envoy instance creates a world-accessible admin.sock on cluster nodes, allowing a local attacker to access Envoy admin endpoints, expose TLS secrets, disrupt cluster traffic, or terminate Envoy. This issue is fixed in versions 1.17.14, 1.18.8, and 1.19.2.",0.00125,0.02631,False,,,,,
CVE-2026-64071,,,2026-07-19T16:17:47.687,"In the Linux kernel, the following vulnerability has been resolved:

nvme-pci: fix use-after-free in nvme_free_host_mem()

nvme_free_host_mem() frees dev->hmb_sgt via dma_free_noncontiguous()
but never clears the pointer afterward.  This leads to a use-after-free
if nvme_free_host_mem() is called twice in the same error path.

This can happen during nvme_probe() when nvme_setup_host_mem() succeeds
in allocating the HMB (setting dev->hmb_sgt) but nvme_set_host_mem()
fails with an I/O error:

  nvme_setup_host_mem()
    nvme_alloc_host_mem_single()   -> sets dev->hmb_sgt
    nvme_set_host_mem()            -> fails with -EIO
    nvme_free_host_mem()           -> frees hmb_sgt, but does NOT NULL it
    return error

  nvme_probe() error path:
    nvme_free_host_mem()           -> dev->hmb_sgt is stale, use-after-free

The second call dereferences the freed sgt, causing a NULL pointer
dereference in iommu_dma_free_noncontiguous() when it accesses
sgt->sgl->dma_address (the backing memory has been freed and zeroed).

This is reproducible on Thunderbolt-attached NVMe devices (e.g., OWC
Envoy Express behind a Dell WD22TB4 dock) where the device intermittently
returns I/O errors during HMB setup due to PCIe link instability.

 BUG: kernel NULL pointer dereference, address: 0000000000000010
 RIP: 0010:iommu_dma_free_noncontiguous+0x22/0x80
 Call Trace:
  <TASK>
  dma_free_noncontiguous+0x3b/0x130
  nvme_free_host_mem+0x30/0xf0 [nvme]
  nvme_probe.cold+0xcc/0x275 [nvme]
  local_pci_probe+0x43/0xa0
  pci_device_probe+0xeea/0x290
  really_probe+0xf9/0x3b0
  __driver_probe_device+0x8b/0x170
  driver_probe_device+0x24/0xd0
  __driver_attach_async_helper+0x6b/0x110
  async_run_entry_fn+0x37/0x170
  process_one_work+0x1ac/0x3d0
  worker_thread+0x1b8/0x360
  kthread+0xf7/0x130
  ret_from_fork+0x2d8/0x3a0
  ret_from_fork_asm+0x1a/0x30
  </TASK>

Fix this by setting dev->hmb_sgt to NULL after freeing it, so the
second call takes the multi-descriptor path which safely handles the
already-cleaned-up state.",0.00173,0.07007,False,,,,,
CVE-2026-18673,,,2026-08-12T19:17:30.480,"When kuma-dp is configured with the Envoy admin API on a Unix domain socket, which is the default, its readiness service on TCP port 9902 - bound to all interfaces - forwards almost the entire Envoy admin API to any caller that can reach the port, with no authentication.



An attacker with network access to a data plane's port 9902, for example another pod on the cluster network, can read Envoy and data plane configuration without credentials: config dumps, cluster and listener lists, stats, and the mesh trust bundle. Exposure is read-only - destructive Envoy admin actions are blocked and private keys are not exposed.",0.00256,0.17175,False,,,,,
