cve_id,cvss_score,cvss_severity,published,epss_score,epss_percentile,kev_flag,kev_date_added,kev_ransomware_use,description,kev_vuln_name,kev_short_description,kev_required_action
CVE-2003-0824,5.0,MEDIUM,2003-12-15T05:00:00.000,0.34583,0.98264,False,,,"Unknown vulnerability in the SmartHTML interpreter (shtml.dll) in Microsoft FrontPage Server Extensions 2000 and 2002, and Microsoft SharePoint Team Services 2002, allows remote attackers to cause a denial of service (response failure) via a certain request.",,,
CVE-2003-0904,6.0,MEDIUM,2004-01-20T05:00:00.000,0.08162,0.94308,False,,,"Microsoft Exchange 2003 and Outlook Web Access (OWA), when configured to use NTLM authentication, does not properly reuse HTTP connections, which can cause OWA users to view mailboxes of other users when Kerberos has been disabled as an authentication method for IIS 6.0, e.g. when SharePoint Services 2.0 is installed.",,,
CVE-2004-0379,6.8,MEDIUM,2004-05-04T04:00:00.000,0.08128,0.94288,False,,,Multiple cross-site scripting (XSS) vulnerabilities in Microsoft SharePoint Portal Server 2001 allow remote attackers to process arbitrary web content and steal cookies via certain server scripts.,,,
CVE-2006-0015,6.8,MEDIUM,2006-04-11T23:02:00.000,0.24408,0.97659,False,,,"Cross-site scripting (XSS) vulnerability in _vti_bin/_vti_adm/fpadmdll.dll in Microsoft FrontPage Server Extensions 2002 and SharePoint Team Services allows remote attackers to inject arbitrary web script or HTML, then leverage the attack to execute arbitrary programs or create new accounts, via the (1) operation, (2) command, and (3) name parameters.",,,
CVE-2007-2581,4.3,MEDIUM,2007-05-09T21:19:00.000,0.36226,0.98329,False,,,"Multiple cross-site scripting (XSS) vulnerabilities in Microsoft Windows SharePoint Services 3.0 for Windows Server 2003 and Office SharePoint Server 2007 allow remote attackers to inject arbitrary web script or HTML via the PATH_INFO (query string) in ""every main page,"" as demonstrated by default.aspx.",,,
CVE-2008-1888,4.3,MEDIUM,2008-04-18T21:05:00.000,0.08017,0.94212,False,,,Cross-site scripting (XSS) vulnerability in Microsoft Windows SharePoint Services 2.0 allows remote attackers to inject arbitrary web script or HTML via the Picture Source (aka picture object source) field in the Rich Text Editor.,,,
CVE-2008-3006,9.3,HIGH,2008-08-12T23:41:00.000,0.35649,0.98306,False,,,"Microsoft Office Excel 2000 SP3, 2002 SP3, 2003 SP2 and SP3, and 2007 Gold and SP1; Office Excel Viewer 2003 Gold and SP3; Office Excel Viewer; Office Compatibility Pack 2007 Gold and SP1; Office SharePoint Server 2007 Gold and SP1; and Office 2004 and 2008 for Mac do not properly parse Country record values when loading Excel files, which allows remote attackers to execute arbitrary code via a crafted Excel file, aka the ""Excel Record Parsing Vulnerability.""",,,
CVE-2008-4019,9.3,HIGH,2008-10-15T00:12:15.943,0.34415,0.98257,False,,,"Integer overflow in the REPT function in Microsoft Excel 2000 SP3, 2002 SP3, 2003 SP2 and SP3, and 2007 Gold and SP1; Office Excel Viewer 2003 SP3; Office Excel Viewer; Office Compatibility Pack for Word, Excel, and PowerPoint 2007 File Formats Gold and SP1; Office SharePoint Server 2007 Gold and SP1; Office 2004 and 2008 for Mac; and Open XML File Format Converter for Mac allows remote attackers to execute arbitrary code via an Excel file containing a formula within a cell, aka ""Formula Parsing Vulnerability.""",,,
CVE-2008-5026,3.5,LOW,2008-11-10T15:23:29.517,0.09385,0.94921,False,,,"Microsoft SharePoint uses URLs with the same hostname and port number for a web site's primary files and individual users' uploaded files (aka attachments), which allows remote authenticated users to leverage same-origin relationships and conduct cross-site scripting (XSS) attacks by uploading HTML documents.",,,
CVE-2008-4032,7.5,HIGH,2008-12-10T14:00:00.907,0.4791,0.9874,False,,,"Microsoft Office SharePoint Server 2007 Gold and SP1 and Microsoft Search Server 2008 do not properly perform authentication and authorization for administrative functions, which allows remote attackers to cause a denial of service (server load), obtain sensitive information, and ""create scripts that would run in the context of the site"" via requests to administrative URIs, aka ""Access Control Vulnerability.""",,,
CVE-2009-1348,7.6,HIGH,2009-04-30T20:30:00.467,0.02835,0.85296,False,,,"The AV engine before DAT 5600 in McAfee VirusScan, Total Protection, Internet Security, SecurityShield for Microsoft ISA Server, Security for Microsoft Sharepoint, Security for Email Servers, Email Gateway, and Active Virus Defense allows remote attackers to bypass virus detection via (1) an invalid Headflags field in a malformed RAR archive, (2) an invalid Packsize field in a malformed RAR archive, or (3) an invalid Filelength field in a malformed ZIP archive.",,,
CVE-2009-0561,9.3,HIGH,2009-06-10T18:30:00.280,0.36897,0.98362,False,,,"Integer overflow in Excel in Microsoft Office 2000 SP3, Office XP SP3, Office 2003 SP3, and Office 2004 and 2008 for Mac; Excel in 2007 Microsoft Office System SP1 and SP2; Open XML File Format Converter for Mac; Microsoft Office Excel Viewer 2003 SP3; Microsoft Office Excel Viewer; Microsoft Office Compatibility Pack for Word, Excel, and PowerPoint 2007 File Formats SP1 and SP2; and Microsoft Office SharePoint Server 2007 SP1 and SP2 allows remote attackers to execute arbitrary code via an Excel file with a Shared String Table (SST) record with a numeric field that specifies an invalid number of unique strings, which triggers a heap-based buffer overflow, aka ""Record Integer Overflow Vulnerability.""",,,
CVE-2009-3830,5.0,MEDIUM,2009-10-30T20:30:00.420,0.31183,0.98098,False,,,The download functionality in Team Services in Microsoft Office SharePoint Server 2007 12.0.0.4518 and 12.0.0.6219 allows remote attackers to read ASP.NET source code via pathnames in the SourceUrl and Source parameters to _layouts/download.aspx.,,,
CVE-2010-0716,3.5,LOW,2010-02-26T19:30:00.807,0.08563,0.94542,False,,,"_layouts/Upload.aspx in the Documents module in Microsoft SharePoint before 2010 uses URLs with the same hostname and port number for a web site's primary files and individual users' uploaded files (aka attachments), which allows remote authenticated users to leverage same-origin relationships and conduct cross-site scripting (XSS) attacks by uploading TXT files, a related issue to CVE-2008-5026. NOTE: the vendor disputes the significance of this issue, because cross-domain isolation can be implemented when needed.",,,
CVE-2010-0263,9.3,HIGH,2010-03-10T22:30:01.200,0.25692,0.97764,False,,,"Microsoft Office Excel 2007 SP1 and SP2; Office 2008 for Mac; Open XML File Format Converter for Mac; Office Excel Viewer SP1 and SP2; Office Compatibility Pack for Word, Excel, and PowerPoint 2007 File Formats SP1 and SP2; and Office SharePoint Server 2007 SP1 and SP2 do not validate ZIP headers during decompression of Open XML (.XLSX) documents, which allows remote attackers to execute arbitrary code via a crafted document that triggers access to uninitialized memory locations, aka ""Microsoft Office Excel XLSX File Parsing Code Execution Vulnerability.""",,,
CVE-2010-0817,4.3,MEDIUM,2010-04-29T21:30:00.370,0.28707,0.97956,False,,,"Cross-site scripting (XSS) vulnerability in _layouts/help.aspx in Microsoft SharePoint Server 2007 12.0.0.6421 and possibly earlier, and SharePoint Services 3.0 SP1 and SP2, versions, allows remote attackers to inject arbitrary web script or HTML via the cid0 parameter.",,,
CVE-2010-1257,4.3,MEDIUM,2010-06-08T20:30:02.397,0.22159,0.97441,False,,,"Cross-site scripting (XSS) vulnerability in the toStaticHTML API, as used in Microsoft Office InfoPath 2003 SP3, 2007 SP1, and 2007 SP2; Office SharePoint Server 2007 SP1 and SP2; SharePoint Services 3.0 SP1 and SP2; and Internet Explorer 8 allows remote attackers to inject arbitrary web script or HTML via vectors related to sanitization.",,,
CVE-2010-1264,4.0,MEDIUM,2010-06-08T20:30:02.460,0.23553,0.97581,False,,,"Unspecified vulnerability in Microsoft Windows SharePoint Services 3.0 SP1 and SP2 allows remote attackers to cause a denial of service (hang) via crafted requests to the Help page that cause repeated restarts of the application pool, aka ""Sharepoint Help Page Denial of Service Vulnerability.""",,,
CVE-2010-3324,4.3,MEDIUM,2010-09-17T18:00:03.290,0.17219,0.96803,False,,,"The toStaticHTML function in Microsoft Internet Explorer 8, and the SafeHTML function in Microsoft Windows SharePoint Services 3.0 SP2, SharePoint Foundation 2010, Office SharePoint Server 2007 SP2, Groove Server 2010, and Office Web Apps, allows remote attackers to bypass the cross-site scripting (XSS) protection mechanism and conduct XSS attacks via a crafted use of the Cascading Style Sheets (CSS) @import rule, aka ""HTML Sanitization Vulnerability,"" a different vulnerability than CVE-2010-1257.",,,
CVE-2010-3243,4.3,MEDIUM,2010-10-13T19:00:46.150,0.1572,0.96543,False,,,"Cross-site scripting (XSS) vulnerability in the toStaticHTML function in Microsoft Internet Explorer 8, and the SafeHTML function in Microsoft Windows SharePoint Services 3.0 SP2 and Office SharePoint Server 2007 SP2, allows remote attackers to inject arbitrary web script or HTML via unspecified vectors, aka ""HTML Sanitization Vulnerability.""",,,
CVE-2010-3964,7.5,HIGH,2010-12-16T19:33:03.367,0.93916,0.99836,False,,,"Unrestricted file upload vulnerability in the Document Conversions Launcher Service in Microsoft Office SharePoint Server 2007 SP2, when the Document Conversions Load Balancer Service is enabled, allows remote attackers to execute arbitrary code via a crafted SOAP request to TCP port 8082, aka ""Malformed Request Code Execution Vulnerability.""",,,
CVE-2011-1252,6.1,MEDIUM,2011-06-16T20:55:01.587,0.13973,0.96193,False,,,"Cross-site scripting (XSS) vulnerability in the SafeHTML function in the toStaticHTML API in Microsoft Internet Explorer 7 and 8, Office SharePoint Server 2007 SP2, Office SharePoint Server 2010 Gold and SP1, Groove Server 2010 Gold and SP1, Windows SharePoint Services 3.0 SP2, and SharePoint Foundation 2010 Gold and SP1 allows remote attackers to inject arbitrary web script or HTML via unspecified strings, aka ""toStaticHTML Information Disclosure Vulnerability"" or ""HTML Sanitization Vulnerability.""",,,
CVE-2011-0653,4.3,MEDIUM,2011-09-15T12:26:48.367,0.16912,0.96755,False,,,"Cross-site scripting (XSS) vulnerability in Microsoft Office SharePoint Server 2010 Gold and SP1, and SharePoint Foundation 2010, allows remote attackers to inject arbitrary web script or HTML via the URI, aka ""XSS in SharePoint Calendar Vulnerability.""",,,
CVE-2011-1890,4.3,MEDIUM,2011-09-15T12:26:48.587,0.19769,0.9715,False,,,"Cross-site scripting (XSS) vulnerability in EditForm.aspx in Microsoft Office SharePoint Server 2010 and SharePoint Foundation 2010 allows remote attackers to inject arbitrary web script or HTML via a post, aka ""Editform Script Injection Vulnerability.""",,,
CVE-2011-1891,4.3,MEDIUM,2011-09-15T12:26:48.617,0.16774,0.96733,False,,,"Cross-site scripting (XSS) vulnerability in Microsoft Windows SharePoint Services 3.0 SP2, and SharePoint Foundation 2010 Gold and SP1, allows remote attackers to inject arbitrary web script or HTML via unspecified parameters in a request to a script, aka ""Contact Details Reflected XSS Vulnerability.""",,,
CVE-2011-1892,4.0,MEDIUM,2011-09-15T12:26:48.647,0.37511,0.9839,False,,,"Microsoft Office Groove 2007 SP2, SharePoint Workspace 2010 Gold and SP1, Office Forms Server 2007 SP2, Office SharePoint Server 2007 SP2, Office SharePoint Server 2010 Gold and SP1, Office Groove Data Bridge Server 2007 SP2, Office Groove Management Server 2007 SP2, Groove Server 2010 Gold and SP1, Windows SharePoint Services 3.0 SP2, SharePoint Foundation 2010, and Office Web Apps 2010 Gold and SP1 do not properly handle Web Parts containing XML classes referencing external entities, which allows remote authenticated users to read arbitrary files via a crafted XML and XSL file, aka ""SharePoint Remote File Disclosure Vulnerability.""",,,
CVE-2011-1893,4.3,MEDIUM,2011-09-15T12:26:48.697,0.16774,0.96733,False,,,"Cross-site scripting (XSS) vulnerability in Microsoft Office SharePoint Server 2010, Windows SharePoint Services 2.0 and 3.0 SP2, and SharePoint Foundation 2010 allows remote attackers to inject arbitrary web script or HTML via the URI, aka ""SharePoint XSS Vulnerability.""",,,
CVE-2011-1989,9.3,HIGH,2011-09-15T12:26:48.947,0.21135,0.97344,False,,,"Microsoft Excel 2003 SP3 and 2007 SP2; Excel in Office 2007 SP2; Excel 2010 Gold and SP1; Excel in Office 2010 Gold and SP1; Office 2004, 2008, and 2011 for Mac; Open XML File Format Converter for Mac; Excel Viewer SP2; Office Compatibility Pack for Word, Excel, and PowerPoint 2007 File Formats SP2; Excel Services on Office SharePoint Server 2007 SP2; Excel Services on Office SharePoint Server 2010 Gold and SP1; and Excel Web App 2010 Gold and SP1 do not properly parse conditional expressions associated with formatting requirements, which allows remote attackers to execute arbitrary code via a crafted spreadsheet, aka ""Excel Conditional Expression Parsing Vulnerability.""",,,
CVE-2011-1990,9.3,HIGH,2011-09-15T12:26:48.977,0.20486,0.97257,False,,,"Microsoft Excel 2007 SP2; Excel in Office 2007 SP2; Excel Viewer SP2; Office Compatibility Pack for Word, Excel, and PowerPoint 2007 File Formats SP2; and Excel Services on Office SharePoint Server 2007 SP2 do not properly validate the sign of an unspecified array index, which allows remote attackers to execute arbitrary code via a crafted spreadsheet, aka ""Excel Out of Bounds Array Indexing Vulnerability.""",,,
CVE-2012-0017,4.3,MEDIUM,2012-02-14T22:55:01.363,0.18001,0.96903,False,,,"Cross-site scripting (XSS) vulnerability in inplview.aspx in Microsoft SharePoint Foundation 2010 Gold and SP1 allows remote attackers to inject arbitrary web script or HTML via JavaScript sequences in a URL, aka ""XSS in inplview.aspx Vulnerability.""",,,
CVE-2012-0144,4.3,MEDIUM,2012-02-14T22:55:01.817,0.18001,0.96903,False,,,"Cross-site scripting (XSS) vulnerability in themeweb.aspx in Microsoft Office SharePoint Server 2010 Gold and SP1 and SharePoint Foundation 2010 Gold and SP1 allows remote attackers to inject arbitrary web script or HTML via JavaScript sequences in a URL, aka ""XSS in themeweb.aspx Vulnerability.""",,,
CVE-2012-0145,4.3,MEDIUM,2012-02-14T22:55:01.863,0.18001,0.96904,False,,,"Cross-site scripting (XSS) vulnerability in wizardlist.aspx in Microsoft Office SharePoint Server 2010 Gold and SP1 and SharePoint Foundation 2010 Gold and SP1 allows remote attackers to inject arbitrary web script or HTML via JavaScript sequences in a URL, aka ""XSS in wizardlist.aspx Vulnerability.""",,,
CVE-2012-1859,4.3,MEDIUM,2012-07-10T21:55:05.747,0.2308,0.97541,False,,,"Cross-site scripting (XSS) vulnerability in scriptresx.ashx in Microsoft SharePoint Server 2010 Gold and SP1, SharePoint Foundation 2010 Gold and SP1, and Office Web Apps 2010 Gold and SP1 allows remote attackers to inject arbitrary web script or HTML via crafted JavaScript elements in a URL, aka ""XSS scriptresx.ashx Vulnerability.""",,,
CVE-2012-1860,5.5,MEDIUM,2012-07-10T21:55:05.790,0.12959,0.95942,False,,,"Microsoft Office SharePoint Server 2007 SP2 and SP3, SharePoint Server 2010 Gold and SP1, and Office Web Apps 2010 Gold and SP1 do not properly check permissions for search scopes, which allows remote authenticated users to obtain sensitive information or cause a denial of service (data modification) by changing a parameter in a search-scope URL, aka ""SharePoint Search Scope Vulnerability.""",,,
CVE-2012-1861,4.3,MEDIUM,2012-07-10T21:55:05.917,0.15406,0.96464,False,,,"Cross-site scripting (XSS) vulnerability in Microsoft SharePoint Server 2010 Gold and SP1, SharePoint Foundation 2010 Gold and SP1, and Office Web Apps 2010 Gold and SP1 allows remote attackers to inject arbitrary web script or HTML via crafted JavaScript elements in a URL, aka ""SharePoint Script in Username Vulnerability.""",,,
CVE-2012-1862,6.8,MEDIUM,2012-07-10T21:55:05.980,0.10762,0.954,False,,,"Open redirect vulnerability in Microsoft Office SharePoint Server 2007 SP2 and SP3 allows remote attackers to redirect users to arbitrary web sites and conduct phishing attacks via a crafted URL, aka ""SharePoint URL Redirection Vulnerability.""",,,
CVE-2012-1863,4.3,MEDIUM,2012-07-10T21:55:06.027,0.2308,0.9754,False,,,"Cross-site scripting (XSS) vulnerability in Microsoft Office SharePoint Server 2007 SP2 and SP3 Windows SharePoint Services 3.0 SP2, and SharePoint Foundation 2010 Gold and SP1 allows remote attackers to inject arbitrary web script or HTML via crafted JavaScript elements in a URL, aka ""SharePoint Reflected List Parameter Vulnerability.""",,,
CVE-2012-2520,4.3,MEDIUM,2012-10-09T21:55:02.643,0.28477,0.97943,False,,,"Cross-site scripting (XSS) vulnerability in Microsoft InfoPath 2007 SP2 and SP3 and 2010 SP1, Communicator 2007 R2, Lync 2010 and 2010 Attendee, SharePoint Server 2007 SP2 and SP3 and 2010 SP1, Groove Server 2010 SP1, Windows SharePoint Services 3.0 SP2, SharePoint Foundation 2010 SP1, and Office Web Apps 2010 SP1 allows remote attackers to inject arbitrary web script or HTML via a crafted string, aka ""HTML Sanitization Vulnerability.""",,,
CVE-2012-2528,9.3,HIGH,2012-10-09T21:55:02.690,0.22117,0.97437,False,,,"Use-after-free vulnerability in Microsoft Word 2003 SP3, 2007 SP2 and SP3, and 2010 SP1; Word Viewer; Office Compatibility Pack SP2 and SP3; Word Automation Services on Microsoft SharePoint Server 2010; and Office Web Apps 2010 SP1 allows remote attackers to execute arbitrary code via a crafted RTF document, aka ""RTF File listid Use-After-Free Vulnerability.""",,,
CVE-2013-0080,7.5,HIGH,2013-03-13T00:55:01.183,0.1929,0.97077,False,,,"Microsoft SharePoint Server 2010 SP1 and SharePoint Foundation 2010 SP1 allow remote attackers to bypass intended read restrictions for content, and hijack user accounts, via a crafted URL, aka ""Callback Function Vulnerability.""",,,
CVE-2013-0083,4.3,MEDIUM,2013-03-13T00:55:01.200,0.14333,0.96262,False,,,"Cross-site scripting (XSS) vulnerability in Microsoft SharePoint Server 2010 SP1 allows remote attackers to inject arbitrary web script or HTML via crafted content, leading to administrative command execution, aka ""SharePoint XSS Vulnerability.""",,,
CVE-2013-0084,7.5,HIGH,2013-03-13T00:55:01.217,0.2135,0.97365,False,,,"Directory traversal vulnerability in Microsoft SharePoint Server 2010 SP1 and SharePoint Foundation 2010 SP1 allows remote attackers to bypass intended read restrictions for content, and hijack user accounts, via a crafted URL, aka ""SharePoint Directory Traversal Vulnerability.""",,,
CVE-2013-0085,7.8,HIGH,2013-03-13T00:55:01.230,0.33975,0.98239,False,,,"Buffer overflow in Microsoft SharePoint Server 2010 SP1 and SharePoint Foundation 2010 SP1 allows remote attackers to cause a denial of service (W3WP process crash and site outage) via a crafted URL, aka ""Buffer Overflow Vulnerability.""",,,
CVE-2013-1289,4.3,MEDIUM,2013-04-09T22:55:01.110,0.15432,0.9647,False,,,"Cross-site scripting (XSS) vulnerability in Microsoft SharePoint Server 2010 SP1, Groove Server 2010 SP1, SharePoint Foundation 2010 SP1, and Office Web Apps 2010 SP1 allows remote attackers to inject arbitrary web script or HTML via a crafted string, aka ""HTML Sanitization Vulnerability.""",,,
CVE-2013-1290,3.5,LOW,2013-04-09T22:55:01.127,0.16991,0.9677,False,,,"Microsoft SharePoint Server 2013, in certain configurations involving legacy My Sites, does not properly establish default access controls for a SharePoint list, which allows remote authenticated users to bypass intended restrictions on reading list items via a direct request for a list's location, aka ""Incorrect Access Rights Information Disclosure Vulnerability.""",,,
CVE-2013-0081,5.0,MEDIUM,2013-09-11T14:03:47.987,0.74076,0.99436,False,,,"Microsoft SharePoint Portal Server 2003 SP3 and SharePoint Server 2007 SP3, 2010 SP1 and SP2, and 2013 do not properly process unassigned workflows, which allows remote attackers to cause a denial of service (W3WP process hang) via a crafted URL, aka ""SharePoint Denial of Service Vulnerability.""",,,
CVE-2013-1315,9.3,HIGH,2013-09-11T14:03:48.027,0.28702,0.97956,False,,,"Microsoft SharePoint Server 2007 SP3, 2010 SP1 and SP2, and 2013; Office Web Apps 2010; Excel 2003 SP3, 2007 SP3, 2010 SP1 and SP2, 2013, and 2013 RT; Office for Mac 2011; Excel Viewer; and Office Compatibility Pack SP3 allow remote attackers to execute arbitrary code or cause a denial of service (memory corruption) via a crafted Office document, aka ""Microsoft Office Memory Corruption Vulnerability.""",,,
CVE-2013-1330,10.0,HIGH,2013-09-11T14:03:48.040,0.27411,0.97874,False,,,"The default configuration of Microsoft SharePoint Portal Server 2003 SP3, SharePoint Server 2007 SP3 and 2010 SP1 and SP2, and Office Web Apps 2010 does not set the EnableViewStateMac attribute, which allows remote attackers to execute arbitrary code by leveraging an unassigned workflow, aka ""MAC Disabled Vulnerability.""",,,
CVE-2013-3179,4.3,MEDIUM,2013-09-11T14:03:48.127,0.14241,0.96241,False,,,"Cross-site scripting (XSS) vulnerability in Microsoft SharePoint Server 2007 SP3, 2010 SP1 and SP2, and 2013 allows remote attackers to inject arbitrary web script or HTML via a crafted request, aka ""SharePoint XSS Vulnerability.""",,,
CVE-2013-3180,4.3,MEDIUM,2013-09-11T14:03:48.133,0.65573,0.99191,False,,,"Cross-site scripting (XSS) vulnerability in Microsoft SharePoint Server 2010 SP1 and SP2 and 2013 allows remote attackers to inject arbitrary web script or HTML via a crafted POST request, aka ""POST XSS Vulnerability.""",,,
CVE-2013-3847,9.3,HIGH,2013-09-11T14:03:48.210,0.20971,0.97328,False,,,"Microsoft Word Automation Services in SharePoint Server 2010 SP1, Word Web App 2010 SP1 in Office Web Apps 2010, Word 2003 SP3, Word 2007 SP3, Word 2010 SP1, Office Compatibility Pack SP3, and Word Viewer allow remote attackers to execute arbitrary code or cause a denial of service (memory corruption) via a crafted Office document, aka ""Word Memory Corruption Vulnerability,"" a different vulnerability than CVE-2013-3848, CVE-2013-3849, and CVE-2013-3858.",,,
CVE-2013-3848,9.3,HIGH,2013-09-11T14:03:48.220,0.21139,0.97345,False,,,"Microsoft Word Automation Services in SharePoint Server 2010 SP1, Word Web App 2010 SP1 in Office Web Apps 2010, Word 2003 SP3, Word 2007 SP3, Word 2010 SP1, Office Compatibility Pack SP3, and Word Viewer allow remote attackers to execute arbitrary code or cause a denial of service (memory corruption) via a crafted Office document, aka ""Word Memory Corruption Vulnerability,"" a different vulnerability than CVE-2013-3847, CVE-2013-3849, and CVE-2013-3858.",,,
CVE-2013-3849,9.3,HIGH,2013-09-11T14:03:48.227,0.21033,0.97336,False,,,"Microsoft Word Automation Services in SharePoint Server 2010 SP1, Word Web App 2010 SP1 in Office Web Apps 2010, Word 2003 SP3, Word 2007 SP3, Word 2010 SP1, Office Compatibility Pack SP3, and Word Viewer allow remote attackers to execute arbitrary code or cause a denial of service (memory corruption) via a crafted Office document, aka ""Word Memory Corruption Vulnerability,"" a different vulnerability than CVE-2013-3847, CVE-2013-3848, and CVE-2013-3858.",,,
CVE-2013-3857,9.3,HIGH,2013-09-11T14:03:48.293,0.21033,0.97336,False,,,"Microsoft Word Automation Services in SharePoint Server 2010 SP1 and SP2, Word Web App 2010 SP1 and SP2 in Office Web Apps 2010, Word 2003 SP3, Word 2007 SP3, Word 2010 SP1 and SP2, Office Compatibility Pack SP3, and Word Viewer allow remote attackers to execute arbitrary code or cause a denial of service (memory corruption) via a crafted Office document, aka ""Word Memory Corruption Vulnerability.""",,,
CVE-2013-3858,9.3,HIGH,2013-09-11T14:03:48.300,0.21033,0.97336,False,,,"Microsoft Word Automation Services in SharePoint Server 2010 SP1, Word Web App 2010 SP1 in Office Web Apps 2010, Word 2003 SP3, Word 2007 SP3, Word 2010 SP1, Office Compatibility Pack SP3, and Word Viewer allow remote attackers to execute arbitrary code or cause a denial of service (memory corruption) via a crafted Office document, aka ""Word Memory Corruption Vulnerability,"" a different vulnerability than CVE-2013-3847, CVE-2013-3848, and CVE-2013-3849.",,,
CVE-2013-3889,9.3,HIGH,2013-10-09T14:53:25.013,0.21117,0.97342,False,,,"Microsoft Excel 2007 SP3, 2010 SP1 and SP2, 2013, and 2013 RT; Office 2007 SP3, 2010 SP1 and SP2, 2013, and 2013 RT; Office for Mac 2011; Excel Viewer; Office Compatibility Pack SP3; and Excel Services and Word Automation Services in SharePoint Server 2013 allow remote attackers to execute arbitrary code via a crafted Office document, aka ""Microsoft Excel Memory Corruption Vulnerability.""",,,
CVE-2013-3895,6.8,MEDIUM,2013-10-09T14:53:25.200,0.22627,0.97496,False,,,"Microsoft SharePoint Server 2007 SP3 and 2010 SP1 and SP2 allows remote attackers to conduct clickjacking attacks via a crafted web page, aka ""Parameter Injection Vulnerability.""",,,
CVE-2013-5059,6.8,MEDIUM,2013-12-11T00:55:04.303,0.10693,0.95379,False,,,"Microsoft SharePoint Server 2010 SP1 and SP2 and 2013, and Office Web Apps 2013, allows remote attackers to execute arbitrary code via crafted page content, aka ""SharePoint Page Content Vulnerabilities.""",,,
CVE-2014-0260,9.3,HIGH,2014-01-15T16:13:03.883,0.15357,0.96458,False,,,"Microsoft Word 2003 SP3, 2007 SP3, 2010 SP1 and SP2, 2013, and 2013 RT; Office Compatibility Pack SP3; Word Viewer; SharePoint Server 2010 SP1 and SP2 and 2013; Office Web Apps 2010 SP1 and SP2; and Office Web Apps Server 2013 allow remote attackers to execute arbitrary code or cause a denial of service (memory corruption) via a crafted Office document, aka ""Word Memory Corruption Vulnerability.""",,,
CVE-2014-1761,7.8,HIGH,2014-03-25T13:24:01.067,0.7746,0.99513,True,2022-02-15,Unknown,"Microsoft Word 2003 SP3, 2007 SP3, 2010 SP1 and SP2, 2013, and 2013 RT; Word Viewer; Office Compatibility Pack SP3; Office for Mac 2011; Word Automation Services on SharePoint Server 2010 SP1 and SP2 and 2013; Office Web Apps 2010 SP1 and SP2; and Office Web Apps Server 2013 allow remote attackers to execute arbitrary code or cause a denial of service (memory corruption) via crafted RTF data, as exploited in the wild in March 2014.",Microsoft Word Memory Corruption Vulnerability,Microsoft Word contains a memory corruption vulnerability which when exploited could allow for remote code execution.,Apply updates per vendor instructions.
CVE-2014-0251,9.0,HIGH,2014-05-14T11:13:04.177,0.12778,0.95896,False,,,"Microsoft Windows SharePoint Services 3.0 SP3; SharePoint Server 2007 SP3, 2010 SP1 and SP2, and 2013 Gold and SP1; SharePoint Foundation 2010 SP1 and SP2 and 2013 Gold and SP1; Project Server 2010 SP1 and SP2 and 2013 Gold and SP1; Web Applications 2010 SP1 and SP2; Office Web Apps Server 2013 Gold and SP1; SharePoint Server 2013 Client Components SDK; and SharePoint Designer 2007 SP3, 2010 SP1 and SP2, and 2013 Gold and SP1 allow remote authenticated users to execute arbitrary code via crafted page content, aka ""SharePoint Page Content Vulnerability.""",,,
CVE-2014-1754,4.3,MEDIUM,2014-05-14T11:13:06.147,0.11073,0.95497,False,,,"Cross-site scripting (XSS) vulnerability in Microsoft SharePoint Server 2013 Gold and SP1, SharePoint Foundation 2013 Gold and SP1, Office Web Apps Server 2013 Gold and SP1, and SharePoint Server 2013 Client Components SDK allows remote attackers to inject arbitrary web script or HTML via a crafted request, aka ""SharePoint XSS Vulnerability.""",,,
CVE-2014-2816,9.3,HIGH,2014-08-12T21:55:06.960,0.1615,0.96618,False,,,"Microsoft SharePoint Server 2013 Gold and SP1 and SharePoint Foundation 2013 Gold and SP1 allow remote authenticated users to gain privileges via a Trojan horse app that executes a custom action in the context of the SharePoint extensibility model, aka ""SharePoint Page Content Vulnerability.""",,,
CVE-2014-4117,9.3,HIGH,2014-10-15T10:55:07.897,0.17458,0.96836,False,,,"Microsoft Office 2007 SP3, Word 2007 SP3, Office 2010 SP1 and SP2, Word 2010 SP1 and SP2, Office for Mac 2011, Office Compatibility Pack SP3, Word Automation Services on SharePoint Server 2010 SP1 and SP2, and Word Web Apps 2010 Gold, SP1, and SP2 allow remote attackers to execute arbitrary code via crafted properties in a Word document, aka ""Microsoft Word File Format Vulnerability.""",,,
CVE-2014-4116,4.3,MEDIUM,2014-11-11T22:55:04.717,0.08801,0.94675,False,,,"Cross-site scripting (XSS) vulnerability in Microsoft SharePoint Foundation 2010 SP2 allows remote authenticated users to inject arbitrary web script or HTML via a modified list, aka ""SharePoint Elevation of Privilege Vulnerability.""",,,
CVE-2014-6357,9.3,HIGH,2014-12-11T00:59:10.207,0.14347,0.96265,False,,,"Use-after-free vulnerability in Microsoft Office 2010 SP2, Office 2013 Gold and SP1, Office 2013 RT Gold and SP1, Office for Mac 2011, Word Viewer, Office Compatibility Pack SP3, Word Automation Services on SharePoint Server 2010 SP2 and 2013 Gold and SP1, and Office Web Apps 2010 SP2 and 2013 Gold and SP1 allows remote attackers to execute arbitrary code via a crafted Office document, aka ""Use After Free Word Remote Code Execution Vulnerability.""",,,
CVE-2015-0064,9.3,HIGH,2015-02-11T03:01:07.200,0.29954,0.98029,False,,,"Microsoft Word 2007 SP3, Office 2010 SP2, Word 2010 SP2, Word Automation Services in SharePoint Server 2010, Web Applications 2010 SP2, Word Viewer, and Office Compatibility Pack SP3 allow remote attackers to execute arbitrary code or cause a denial of service (memory corruption) via a crafted Office document, aka ""Office Remote Code Execution Vulnerability.""",,,
CVE-2015-0085,9.3,HIGH,2015-03-11T10:59:12.533,0.17279,0.9681,False,,,"Use-after-free vulnerability in Microsoft Office 2007 SP3, Excel 2007 SP3, PowerPoint 2007 SP3, Word 2007 SP3, Office 2010 SP2, Excel 2010 SP2, PowerPoint 2010 SP2, Word 2010 SP2, Office 2013 Gold and SP1, Word 2013 Gold and SP1, Office 2013 RT Gold and SP1, Word 2013 RT Gold and SP1, Excel Viewer, Office Compatibility Pack SP3, Word Automation Services on SharePoint Server 2010 SP2, Excel Services on SharePoint Server 2013 Gold and SP1, Word Automation Services on SharePoint Server 2013 Gold and SP1, Web Applications 2010 SP2, Office Web Apps Server 2010 SP2, Web Apps Server 2013 Gold and SP1, SharePoint Server 2007 SP3, Windows SharePoint Services 3.0 SP3, SharePoint Foundation 2010 SP2, SharePoint Server 2010 SP2, SharePoint Foundation 2013 Gold and SP1, and SharePoint Server 2013 Gold and SP1 allows remote attackers to execute arbitrary code via a crafted Office document, aka ""Microsoft Office Component Use After Free Vulnerability.""",,,
CVE-2015-0086,9.3,HIGH,2015-03-11T10:59:13.347,0.13452,0.96065,False,,,"Microsoft Word 2007 SP3, Office 2010 SP2, Word 2010 SP2, Word 2013 Gold and SP1, Word 2013 RT Gold and SP1, Word Viewer, Office Compatibility Pack SP3, Word Automation Services on SharePoint Server 2010 SP2, Word Automation Services on SharePoint Server 2013 Gold and SP1, Web Applications 2010 SP2, and Web Apps Server 2013 Gold and SP1 allow remote attackers to execute arbitrary code or cause a denial of service (memory corruption) via a crafted RTF document, aka ""Microsoft Office Memory Corruption Vulnerability.""",,,
CVE-2015-1633,3.5,LOW,2015-03-11T10:59:35.833,0.06875,0.93423,False,,,"Cross-site scripting (XSS) vulnerability in Microsoft SharePoint Foundation 2010 SP2, SharePoint Server 2010 SP2, SharePoint Foundation 2013 Gold and SP1, and SharePoint Server 2013 Gold and SP1 allows remote authenticated users to inject arbitrary web script or HTML via a crafted request, aka ""Microsoft SharePoint XSS Vulnerability.""",,,
CVE-2015-1636,3.5,LOW,2015-03-11T10:59:37.350,0.06875,0.93423,False,,,"Cross-site scripting (XSS) vulnerability in Microsoft SharePoint Foundation 2013 Gold and SP1 and SharePoint Server 2013 Gold and SP1 allows remote authenticated users to inject arbitrary web script or HTML via a crafted request, aka ""Microsoft SharePoint XSS Vulnerability.""",,,
CVE-2015-1640,4.3,MEDIUM,2015-04-14T20:59:04.420,0.08801,0.94675,False,,,"Cross-site scripting (XSS) vulnerability in Microsoft Project Server 2010 SP2 and 2013 SP1 allows remote attackers to inject arbitrary web script or HTML via a crafted request, aka ""Microsoft SharePoint XSS Vulnerability.""",,,
CVE-2015-1641,7.8,HIGH,2015-04-14T20:59:05.250,0.92939,0.99821,True,2021-11-03,Unknown,"Microsoft Word 2007 SP3, Office 2010 SP2, Word 2010 SP2, Word 2013 SP1, Word 2013 RT SP1, Word for Mac 2011, Office Compatibility Pack SP3, Word Automation Services on SharePoint Server 2010 SP2 and 2013 SP1, and Office Web Apps Server 2010 SP2 and 2013 SP1 allow remote attackers to execute arbitrary code via a crafted RTF document, aka ""Microsoft Office Memory Corruption Vulnerability.""",Microsoft Office Memory Corruption Vulnerability,Microsoft Office contains a memory corruption vulnerability due to failure to properly handle rich text format files in memory. Successful exploitation allows for remote code execution in the context of the current user.,Apply updates per vendor instructions.
CVE-2015-1649,9.3,HIGH,2015-04-14T20:59:11.767,0.23143,0.97546,False,,,"Use-after-free vulnerability in Microsoft Word 2007 SP3, Office 2010 SP2, Word 2010 SP2, Word Viewer, Office Compatibility Pack SP3, Word Automation Services on SharePoint Server 2010 SP2, and Office Web Apps Server 2010 SP2 allows remote attackers to execute arbitrary code via a crafted Office document, aka ""Microsoft Office Component Use After Free Vulnerability.""",,,
CVE-2015-1650,9.3,HIGH,2015-04-14T20:59:12.657,0.26595,0.97827,False,,,"Use-after-free vulnerability in Microsoft Word 2007 SP3, Office 2010 SP2, Word 2010 SP2, Word 2013 SP1, Word 2013 RT SP1, Word Viewer, Office Compatibility Pack SP3, Word Automation Services on SharePoint Server 2010 SP2 and 2013 SP1, and Office Web Apps Server 2010 SP2 and 2013 SP1 allows remote attackers to execute arbitrary code via a crafted Office document, aka ""Microsoft Office Component Use After Free Vulnerability.""",,,
CVE-2015-1653,4.3,MEDIUM,2015-04-14T20:59:15.063,0.08801,0.94675,False,,,"Cross-site scripting (XSS) vulnerability in Microsoft SharePoint Foundation 2013 SP1 and SharePoint Server 2013 SP1 allows remote attackers to inject arbitrary web script or HTML via a crafted request, aka ""Microsoft SharePoint XSS Vulnerability.""",,,
CVE-2015-1682,9.3,HIGH,2015-05-13T10:59:13.943,0.18861,0.97013,False,,,"Microsoft Office 2010 SP2, Excel 2010 SP2, PowerPoint 2010 SP2, Word 2010 SP2, Office 2013 SP1, Excel 2013 SP1, PowerPoint 2013 SP1, Word 2013 SP1, Office 2013 RT SP1, Excel 2013 RT SP1, PowerPoint 2013 RT SP1, Word 2013 RT SP1, Office for Mac 2011, Excel for Mac 2011, PowerPoint for Mac 2011, Word for Mac 2011, PowerPoint Viewer, Word Automation Services on SharePoint Server 2010 SP2 and 2013 SP1, Excel Services on SharePoint Server 2010 SP2 and 2013 SP1, Office Web Apps 2010 SP2, Excel Web App 2010 SP2, Office Web Apps Server 2013 SP1, SharePoint Foundation 2010 SP2, and SharePoint Server 2013 SP1 allow remote attackers to execute arbitrary code via a crafted document, aka ""Microsoft Office Memory Corruption Vulnerability.""",,,
CVE-2015-1700,6.0,MEDIUM,2015-05-13T10:59:28.070,0.08986,0.94762,False,,,"Microsoft SharePoint Server 2007 SP3, SharePoint Foundation 2010 SP2, SharePoint Server 2010 SP2, and SharePoint Foundation 2013 SP1 allow remote authenticated users to execute arbitrary code via crafted page content, aka ""Microsoft SharePoint Page Content Vulnerabilities.""",,,
CVE-2015-2375,4.3,MEDIUM,2015-07-14T21:59:10.440,0.13995,0.96198,False,,,"Microsoft Excel 2010 SP2, Excel 2013 SP1, Excel 2013 RT SP1, Excel Viewer 2007 SP3, Excel Services on SharePoint Server 2010 SP2, and Excel Services on SharePoint Server 2013 SP1 allow remote attackers to bypass the ASLR protection mechanism via a crafted spreadsheet, aka ""Microsoft Excel ASLR Bypass Vulnerability.""",,,
CVE-2015-2376,9.3,HIGH,2015-07-14T21:59:11.250,0.15746,0.96547,False,,,"Microsoft Excel 2007 SP3, Excel 2010 SP2, Excel 2013 SP1, Excel 2013 RT SP1, Office for Mac 2011, Excel Viewer 2007 SP3, Office Compatibility Pack SP3, Excel Services on SharePoint Server 2007 SP3, Excel Services on SharePoint Server 2010 SP2, and Excel Services on SharePoint Server 2013 SP1 allow remote attackers to execute arbitrary code or cause a denial of service (memory corruption) via a crafted Office document, aka ""Microsoft Office Memory Corruption Vulnerability.""",,,
CVE-2015-2468,9.3,HIGH,2015-08-15T00:59:27.717,0.29519,0.98007,False,,,"Microsoft Word 2007 SP3, Office 2010 SP2, Word 2010 SP2, Word 2013 SP1, Word 2013 RT SP1, Office for Mac 2011, Office for Mac 2016, Office Compatibility Pack SP3, Word Viewer, Word Automation Services on SharePoint Server 2010 SP2 and 2013 SP1, Word Web Apps 2010 SP2, and Office Web Apps Server 2013 SP1 allow remote attackers to execute arbitrary code via a crafted document, aka ""Microsoft Office Memory Corruption Vulnerability.""",,,
CVE-2015-2522,3.5,LOW,2015-09-09T00:59:34.287,0.10306,0.95254,False,,,"Cross-site scripting (XSS) vulnerability in Microsoft SharePoint Foundation 2013 SP1 allows remote authenticated users to inject arbitrary web script or HTML via crafted content, aka ""Microsoft SharePoint XSS Spoofing Vulnerability.""",,,
CVE-2015-2555,9.3,HIGH,2015-10-14T01:59:10.060,0.20151,0.97204,False,,,"Use-after-free vulnerability in Microsoft Excel 2010 SP2, Excel 2013 SP1, Excel 2013 RT SP1, Excel 2016, Excel for Mac 2011, Excel 2016 for Mac, and Excel Services on SharePoint Server 2010 SP2 and 2013 SP1 allows remote attackers to execute arbitrary code via a crafted calculatedColumnFormula object in an Office document, aka ""Microsoft Office Memory Corruption Vulnerability.""",,,
CVE-2015-2556,4.3,MEDIUM,2015-10-14T01:59:11.077,0.15624,0.96516,False,,,"The InfoPath Forms Services component in Microsoft SharePoint Server 2007 SP3 and 2010 SP2 misparses DTDs, which allows remote attackers to read arbitrary files via an XML document containing an external entity declaration in conjunction with an entity reference, related to an XML External Entity (XXE) issue, aka ""Microsoft SharePoint Information Disclosure Vulnerability.""",,,
CVE-2015-2558,9.3,HIGH,2015-10-14T01:59:13.123,0.20151,0.97205,False,,,"Use-after-free vulnerability in Microsoft Excel 2007 SP3, Excel 2010 SP2, Excel 2013 SP1, Excel 2013 RT SP1, Excel 2016, Excel for Mac 2011, Excel 2016 for Mac, Excel Viewer, Office Compatibility Pack SP3, and Excel Services on SharePoint Server 2007 SP3, 2010 SP2, and 2013 SP1 allows remote attackers to execute arbitrary code via a long fileVersion element in an Office document, aka ""Microsoft Office Memory Corruption Vulnerability.""",,,
CVE-2015-6037,3.5,LOW,2015-10-14T01:59:14.170,0.08471,0.94492,False,,,"Cross-site scripting (XSS) vulnerability in Microsoft Excel Services on SharePoint Server 2010 SP2 and 2013 SP1, Office Web Apps 2010 SP2, Excel Web App 2010 SP2, Office Web Apps Server 2013 SP1, and SharePoint Foundation 2013 SP1 allows remote authenticated users to inject arbitrary web script or HTML via a crafted URL, aka ""Microsoft Office Web Apps XSS Spoofing Vulnerability.""",,,
CVE-2015-6039,3.5,LOW,2015-10-14T01:59:15.200,0.09061,0.9479,False,,,"Cross-site scripting (XSS) vulnerability in Microsoft SharePoint Server 2013 SP1 and SharePoint Foundation 2013 SP1 allows remote authenticated users to inject arbitrary web script or HTML via crafted content in an Office Marketplace instance, aka ""Microsoft SharePoint Security Feature Bypass Vulnerability.""",,,
CVE-2015-6038,9.3,HIGH,2015-11-11T11:59:20.457,0.32875,0.98193,False,,,"Microsoft Excel 2007 SP3, Excel 2010 SP2, Excel 2013 SP1, Excel 2013 RT SP1, Excel 2016, Excel for Mac 2011, Excel 2016 for Mac, Office Compatibility Pack SP3, Excel Viewer, and Excel Services on SharePoint Server 2007 SP3, 2010 SP2, and 2013 SP1 allow remote attackers to execute arbitrary code via a crafted Office document, aka ""Microsoft Office Memory Corruption Vulnerability.""",,,
CVE-2015-6093,9.3,HIGH,2015-11-11T12:59:32.807,0.20969,0.97328,False,,,"Microsoft Office 2007 SP3, Office 2010 SP2, Office 2013 SP1, Office 2013 RT SP1, Office 2016, Word Automation Services on SharePoint Server 2010 SP2 and 2013 SP1, Office Web Apps 2010 SP2, and Office Web Apps Server 2013 SP1 allow remote attackers to execute arbitrary code via a crafted Office document, aka ""Microsoft Office Memory Corruption Vulnerability.""",,,
CVE-2015-6094,9.3,HIGH,2015-11-11T12:59:33.633,0.20568,0.97271,False,,,"Microsoft Excel 2010 SP2, Excel 2013 SP1, Excel 2013 RT SP1, Excel 2016, Excel for Mac 2011, Excel 2016 for Mac, and Excel Services on SharePoint Server 2013 SP1 allow remote attackers to execute arbitrary code via a crafted Office document, aka ""Microsoft Office Memory Corruption Vulnerability.""",,,
CVE-2015-6117,6.1,MEDIUM,2016-01-13T05:59:00.120,0.06873,0.93421,False,,,"Microsoft SharePoint Server 2013 SP1 and SharePoint Foundation 2013 SP1 allow remote authenticated users to bypass intended Access Control Policy restrictions and conduct cross-site scripting (XSS) attacks by modifying a webpart, aka ""Microsoft SharePoint Security Feature Bypass,"" a different vulnerability than CVE-2016-0011.",,,
CVE-2016-0011,5.4,MEDIUM,2016-01-13T05:59:09.387,0.05333,0.91841,False,,,"Microsoft SharePoint Server 2013 SP1 and SharePoint Foundation 2013 SP1 allow remote authenticated users to bypass intended Access Control Policy restrictions and conduct cross-site scripting (XSS) attacks by modifying a webpart, aka ""Microsoft SharePoint Security Feature Bypass,"" a different vulnerability than CVE-2015-6117.",,,
CVE-2016-0022,7.8,HIGH,2016-02-10T11:59:00.157,0.19541,0.97117,False,,,"Microsoft Word 2007 SP3, Office 2010 SP2, Word 2010 SP2, Word 2013 SP1, Word 2013 RT SP1, Word 2016, Word for Mac 2011, Word 2016 for Mac, Office Compatibility Pack SP3, Word Viewer, Word Automation Services on SharePoint Server 2013 SP1, Office Web Apps Server 2013 SP1, and SharePoint Server 2013 SP1 allow remote attackers to execute arbitrary code via a crafted Office document, aka ""Microsoft Office Memory Corruption Vulnerability,"" a different vulnerability than CVE-2016-0052.",,,
CVE-2016-0039,6.1,MEDIUM,2016-02-10T11:59:05.360,0.06933,0.93477,False,,,"Cross-site scripting (XSS) vulnerability in SharePoint Server in Microsoft SharePoint Foundation 2013 SP1 allows remote attackers to inject arbitrary web script or HTML via a crafted request, aka ""Microsoft SharePoint XSS Vulnerability.""",,,
CVE-2016-0052,7.8,HIGH,2016-02-10T11:59:16.487,0.19541,0.97117,False,,,"Microsoft Word 2007 SP3, Office 2010 SP2, Word 2010 SP2, Word 2013 SP1, Word 2013 RT SP1, Word 2016, Word for Mac 2011, Word 2016 for Mac, Office Compatibility Pack SP3, Word Viewer, Word Automation Services on SharePoint Server 2013 SP1, Office Web Apps Server 2013 SP1, and SharePoint Server 2013 SP1 allow remote attackers to execute arbitrary code via a crafted Office document, aka ""Microsoft Office Memory Corruption Vulnerability,"" a different vulnerability than CVE-2016-0022.",,,
CVE-2016-0053,7.8,HIGH,2016-02-10T11:59:17.377,0.19541,0.97117,False,,,"Microsoft Word 2007 SP3, Office 2010 SP2, Word 2010 SP2, Word 2013 SP1, Word 2013 RT SP1, Word 2016, Office Compatibility Pack SP3, Word Viewer, Word Automation Services on SharePoint Server 2013 SP1, Office Web Apps Server 2013 SP1, and SharePoint Server 2013 SP1 allow remote attackers to execute arbitrary code via a crafted Office document, aka ""Microsoft Office Memory Corruption Vulnerability.""",,,
CVE-2016-0054,7.8,HIGH,2016-02-10T11:59:18.643,0.16074,0.96606,False,,,"Microsoft Excel 2007 SP3, Excel 2010 SP2, Excel 2013 SP1, Excel 2013 RT SP1, Excel 2016, Excel for Mac 2011, Excel 2016 for Mac, Office Compatibility Pack SP3, Excel Viewer, Excel Services on SharePoint Server 2007 SP3, Excel Services on SharePoint Server 2010 SP2, Excel Services on SharePoint Server 2013 SP1, and Office Web Apps 2010 SP2 allow remote attackers to execute arbitrary code via a crafted Office document, aka ""Microsoft Office Memory Corruption Vulnerability.""",,,
CVE-2016-0134,7.8,HIGH,2016-03-09T11:59:35.640,0.20612,0.97275,False,,,"Microsoft Word 2007 SP3, Office 2010 SP2, Word 2010 SP2, Word 2013 SP1, Word 2013 RT SP1, Word 2016, Word for Mac 2011, Word 2016 for Mac, Office Compatibility Pack SP3, Word Viewer, Word Automation Services on SharePoint Server 2010 SP2 and 2013 SP1, Office Web Apps 2010 SP2, and Web Apps Server 2013 SP1 allow remote attackers to execute arbitrary code via a crafted Office document, aka ""Microsoft Office Memory Corruption Vulnerability.""",,,
CVE-2016-0127,7.8,HIGH,2016-04-12T23:59:05.617,0.19541,0.97117,False,,,"Microsoft Word 2007 SP3, Office 2010 SP2, Word 2010 SP2, Word 2013 SP1, Word 2013 RT SP1, Office Compatibility Pack SP3, Word Viewer, Word Automation Services on SharePoint Server 2010 SP2, Word Automation Services on SharePoint Server 2013 SP1, Office Web Apps 2010 SP2, and Office Web Apps Server 2013 SP1 allow remote attackers to execute arbitrary code via a crafted Office document, aka ""Microsoft Office Memory Corruption Vulnerability.""",,,
CVE-2016-0136,7.8,HIGH,2016-04-12T23:59:08.587,0.20717,0.97294,False,,,"Microsoft Excel 2007 SP3, Excel 2010 SP2, Office Compatibility Pack SP3, Excel Services on SharePoint Server 2007 SP3, and Excel Services on SharePoint Server 2010 SP2 allow remote attackers to execute arbitrary code via a crafted Office document, aka ""Microsoft Office Memory Corruption Vulnerability.""",,,
CVE-2016-0140,7.8,HIGH,2016-05-11T01:59:03.837,0.19384,0.97093,False,,,"Microsoft Office 2007 SP3, Office 2010 SP2, Word Automation Services on SharePoint Server 2010 SP2, and Office Web Apps 2010 SP2 allow remote attackers to execute arbitrary code via a crafted Office document, aka ""Microsoft Office Memory Corruption Vulnerability.""",,,
CVE-2016-0183,8.8,HIGH,2016-05-11T01:59:23.610,0.15704,0.96539,False,,,"The Windows font library in Microsoft Office 2010 SP2, Word 2010 SP2, Word Automation Services on SharePoint Server 2010 SP2, and Office Web Apps 2010 SP2 allows remote attackers to execute arbitrary code via a crafted embedded font, aka ""Microsoft Office Graphics RCE Vulnerability.""",,,
CVE-2016-0025,7.3,HIGH,2016-06-16T01:59:01.680,0.15435,0.96471,False,,,"Microsoft Word 2007 SP3, Office 2010 SP2, Word 2010 SP2, Word 2013 SP1, Word 2013 RT SP1, Office 2016, Word 2016, Word for Mac 2011, Word 2016 for Mac, Office Compatibility Pack SP3, Word Automation Services on SharePoint Server 2010 SP2, Word Automation Services on SharePoint Server 2013 SP1, Office Web Apps 2010 SP2, Office Web Apps Server 2013 SP1, and Office Online Server allow remote attackers to execute arbitrary code via a crafted Office document, aka ""Microsoft Office Memory Corruption Vulnerability.""",,,
CVE-2016-3234,5.5,MEDIUM,2016-06-16T01:59:36.107,0.24075,0.97627,False,,,"Microsoft Word 2007 SP3, Office 2010 SP2, Word 2010 SP2, Office Compatibility Pack SP3, Word Viewer, Word Automation Services on SharePoint Server 2010 SP2, Word Automation Services on SharePoint Server 2013 SP1, Office Web Apps 2010 SP2, and Office Web Apps Server 2013 SP1 allow remote attackers to obtain sensitive information from process memory via a crafted Office document, aka ""Microsoft Office Information Disclosure Vulnerability.""",,,
CVE-2016-2207,8.4,HIGH,2016-06-30T23:59:01.150,0.18101,0.96916,False,,,"The AntiVirus Decomposer engine in Symantec Advanced Threat Protection (ATP); Symantec Data Center Security:Server (SDCS:S) 6.x through 6.6 MP1; Symantec Web Gateway; Symantec Endpoint Protection (SEP) before 12.1 RU6 MP5; Symantec Endpoint Protection (SEP) for Mac; Symantec Endpoint Protection (SEP) for Linux before 12.1 RU6 MP5; Symantec Protection Engine (SPE) before 7.0.5 HF01, 7.5.x before 7.5.3 HF03, 7.5.4 before HF01, and 7.8.0 before HF01; Symantec Protection for SharePoint Servers (SPSS) 6.0.3 through 6.0.5 before 6.0.5 HF 1.5 and 6.0.6 before HF 1.6; Symantec Mail Security for Microsoft Exchange (SMSMSE) before 7.0_3966002 HF1.1 and 7.5.x before 7.5_3966008 VHF1.2; Symantec Mail Security for Domino (SMSDOM) before 8.0.9 HF1.1 and 8.1.x before 8.1.3 HF1.2; CSAPI before 10.0.4 HF01; Symantec Message Gateway (SMG) before 10.6.1-4; Symantec Message Gateway for Service Providers (SMG-SP) 10.5 before patch 254 and 10.6 before patch 253; Norton AntiVirus, Norton Security, Norton Internet Security, and Norton 360 before NGC 22.7; Norton Security for Mac before 13.0.2; Norton Power Eraser (NPE) before 5.1; and Norton Bootable Removal Tool (NBRT) before 2016.1 allows remote attackers to execute arbitrary code or cause a denial of service (memory access violation) via a crafted RAR file that is mishandled during decompression.",,,
CVE-2016-2209,7.3,HIGH,2016-06-30T23:59:02.497,0.20891,0.9732,False,,,"Buffer overflow in Dec2SS.dll in the AntiVirus Decomposer engine in Symantec Advanced Threat Protection (ATP); Symantec Data Center Security:Server (SDCS:S) 6.x through 6.6 MP1; Symantec Web Gateway; Symantec Endpoint Protection (SEP) before 12.1 RU6 MP5; Symantec Endpoint Protection (SEP) for Mac; Symantec Endpoint Protection (SEP) for Linux before 12.1 RU6 MP5; Symantec Protection Engine (SPE) before 7.0.5 HF01, 7.5.x before 7.5.3 HF03, 7.5.4 before HF01, and 7.8.0 before HF01; Symantec Protection for SharePoint Servers (SPSS) 6.0.3 through 6.0.5 before 6.0.5 HF 1.5 and 6.0.6 before HF 1.6; Symantec Mail Security for Microsoft Exchange (SMSMSE) before 7.0_3966002 HF1.1 and 7.5.x before 7.5_3966008 VHF1.2; Symantec Mail Security for Domino (SMSDOM) before 8.0.9 HF1.1 and 8.1.x before 8.1.3 HF1.2; CSAPI before 10.0.4 HF01; Symantec Message Gateway (SMG) before 10.6.1-4; Symantec Message Gateway for Service Providers (SMG-SP) 10.5 before patch 254 and 10.6 before patch 253; Norton AntiVirus, Norton Security, Norton Internet Security, and Norton 360 before NGC 22.7; Norton Security for Mac before 13.0.2; Norton Power Eraser (NPE) before 5.1; and Norton Bootable Removal Tool (NBRT) before 2016.1 allows remote attackers to execute arbitrary code via a crafted file.",,,
CVE-2016-2210,7.3,HIGH,2016-06-30T23:59:03.667,0.11372,0.9557,False,,,"Buffer overflow in Dec2LHA.dll in the AntiVirus Decomposer engine in Symantec Advanced Threat Protection (ATP); Symantec Data Center Security:Server (SDCS:S) 6.x through 6.6 MP1; Symantec Web Gateway; Symantec Endpoint Protection (SEP) before 12.1 RU6 MP5; Symantec Endpoint Protection (SEP) for Mac; Symantec Endpoint Protection (SEP) for Linux before 12.1 RU6 MP5; Symantec Protection Engine (SPE) before 7.0.5 HF01, 7.5.x before 7.5.3 HF03, 7.5.4 before HF01, and 7.8.0 before HF01; Symantec Protection for SharePoint Servers (SPSS) 6.0.3 through 6.0.5 before 6.0.5 HF 1.5 and 6.0.6 before HF 1.6; Symantec Mail Security for Microsoft Exchange (SMSMSE) before 7.0_3966002 HF1.1 and 7.5.x before 7.5_3966008 VHF1.2; Symantec Mail Security for Domino (SMSDOM) before 8.0.9 HF1.1 and 8.1.x before 8.1.3 HF1.2; CSAPI before 10.0.4 HF01; Symantec Message Gateway (SMG) before 10.6.1-4; Symantec Message Gateway for Service Providers (SMG-SP) 10.5 before patch 254 and 10.6 before patch 253; Norton AntiVirus, Norton Security, Norton Internet Security, and Norton 360 before NGC 22.7; Norton Security for Mac before 13.0.2; Norton Power Eraser (NPE) before 5.1; and Norton Bootable Removal Tool (NBRT) before 2016.1 allows remote attackers to execute arbitrary code via a crafted file.",,,
CVE-2016-2211,7.8,HIGH,2016-06-30T23:59:04.730,0.53402,0.98887,False,,,"The AntiVirus Decomposer engine in Symantec Advanced Threat Protection (ATP); Symantec Data Center Security:Server (SDCS:S) 6.x through 6.6 MP1; Symantec Web Gateway; Symantec Endpoint Protection (SEP) before 12.1 RU6 MP5; Symantec Endpoint Protection (SEP) for Mac; Symantec Endpoint Protection (SEP) for Linux before 12.1 RU6 MP5; Symantec Protection Engine (SPE) before 7.0.5 HF01, 7.5.x before 7.5.3 HF03, 7.5.4 before HF01, and 7.8.0 before HF01; Symantec Protection for SharePoint Servers (SPSS) 6.0.3 through 6.0.5 before 6.0.5 HF 1.5 and 6.0.6 before HF 1.6; Symantec Mail Security for Microsoft Exchange (SMSMSE) before 7.0_3966002 HF1.1 and 7.5.x before 7.5_3966008 VHF1.2; Symantec Mail Security for Domino (SMSDOM) before 8.0.9 HF1.1 and 8.1.x before 8.1.3 HF1.2; CSAPI before 10.0.4 HF01; Symantec Message Gateway (SMG) before 10.6.1-4; Symantec Message Gateway for Service Providers (SMG-SP) 10.5 before patch 254 and 10.6 before patch 253; Norton AntiVirus, Norton Security, Norton Internet Security, and Norton 360 before NGC 22.7; Norton Security for Mac before 13.0.2; Norton Power Eraser (NPE) before 5.1; and Norton Bootable Removal Tool (NBRT) before 2016.1 allows remote attackers to execute arbitrary code or cause a denial of service (memory corruption) via a crafted CAB file that is mishandled during decompression.",,,
CVE-2016-3644,8.4,HIGH,2016-06-30T23:59:05.760,0.17739,0.96869,False,,,"The AntiVirus Decomposer engine in Symantec Advanced Threat Protection (ATP); Symantec Data Center Security:Server (SDCS:S) 6.x through 6.6 MP1; Symantec Web Gateway; Symantec Endpoint Protection (SEP) before 12.1 RU6 MP5; Symantec Endpoint Protection (SEP) for Mac; Symantec Endpoint Protection (SEP) for Linux before 12.1 RU6 MP5; Symantec Protection Engine (SPE) before 7.0.5 HF01, 7.5.x before 7.5.3 HF03, 7.5.4 before HF01, and 7.8.0 before HF01; Symantec Protection for SharePoint Servers (SPSS) 6.0.3 through 6.0.5 before 6.0.5 HF 1.5 and 6.0.6 before HF 1.6; Symantec Mail Security for Microsoft Exchange (SMSMSE) before 7.0_3966002 HF1.1 and 7.5.x before 7.5_3966008 VHF1.2; Symantec Mail Security for Domino (SMSDOM) before 8.0.9 HF1.1 and 8.1.x before 8.1.3 HF1.2; CSAPI before 10.0.4 HF01; Symantec Message Gateway (SMG) before 10.6.1-4; Symantec Message Gateway for Service Providers (SMG-SP) 10.5 before patch 254 and 10.6 before patch 253; Norton AntiVirus, Norton Security, Norton Internet Security, and Norton 360 before NGC 22.7; Norton Security for Mac before 13.0.2; Norton Power Eraser (NPE) before 5.1; and Norton Bootable Removal Tool (NBRT) before 2016.1 allows remote attackers to execute arbitrary code or cause a denial of service (memory corruption) via modified MIME data in a message.",,,
CVE-2016-3645,9.8,CRITICAL,2016-06-30T23:59:06.747,0.24614,0.97676,False,,,"Integer overflow in the TNEF unpacker in the AntiVirus Decomposer engine in Symantec Advanced Threat Protection (ATP); Symantec Data Center Security:Server (SDCS:S) 6.x through 6.6 MP1; Symantec Web Gateway; Symantec Endpoint Protection (SEP) before 12.1 RU6 MP5; Symantec Endpoint Protection (SEP) for Mac; Symantec Endpoint Protection (SEP) for Linux before 12.1 RU6 MP5; Symantec Protection Engine (SPE) before 7.0.5 HF01, 7.5.x before 7.5.3 HF03, 7.5.4 before HF01, and 7.8.0 before HF01; Symantec Protection for SharePoint Servers (SPSS) 6.0.3 through 6.0.5 before 6.0.5 HF 1.5 and 6.0.6 before HF 1.6; Symantec Mail Security for Microsoft Exchange (SMSMSE) before 7.0_3966002 HF1.1 and 7.5.x before 7.5_3966008 VHF1.2; Symantec Mail Security for Domino (SMSDOM) before 8.0.9 HF1.1 and 8.1.x before 8.1.3 HF1.2; CSAPI before 10.0.4 HF01; Symantec Message Gateway (SMG) before 10.6.1-4; Symantec Message Gateway for Service Providers (SMG-SP) 10.5 before patch 254 and 10.6 before patch 253; Norton AntiVirus, Norton Security, Norton Internet Security, and Norton 360 before NGC 22.7; Norton Security for Mac before 13.0.2; Norton Power Eraser (NPE) before 5.1; and Norton Bootable Removal Tool (NBRT) before 2016.1 allows remote attackers to have an unspecified impact via crafted TNEF data.",,,
CVE-2016-3646,8.4,HIGH,2016-06-30T23:59:07.763,0.17739,0.96868,False,,,"The AntiVirus Decomposer engine in Symantec Advanced Threat Protection (ATP); Symantec Data Center Security:Server (SDCS:S) 6.x through 6.6 MP1; Symantec Web Gateway; Symantec Endpoint Protection (SEP) before 12.1 RU6 MP5; Symantec Endpoint Protection (SEP) for Mac; Symantec Endpoint Protection (SEP) for Linux before 12.1 RU6 MP5; Symantec Protection Engine (SPE) before 7.0.5 HF01, 7.5.x before 7.5.3 HF03, 7.5.4 before HF01, and 7.8.0 before HF01; Symantec Protection for SharePoint Servers (SPSS) 6.0.3 through 6.0.5 before 6.0.5 HF 1.5 and 6.0.6 before HF 1.6; Symantec Mail Security for Microsoft Exchange (SMSMSE) before 7.0_3966002 HF1.1 and 7.5.x before 7.5_3966008 VHF1.2; Symantec Mail Security for Domino (SMSDOM) before 8.0.9 HF1.1 and 8.1.x before 8.1.3 HF1.2; CSAPI before 10.0.4 HF01; Symantec Message Gateway (SMG) before 10.6.1-4; Symantec Message Gateway for Service Providers (SMG-SP) 10.5 before patch 254 and 10.6 before patch 253; Norton AntiVirus, Norton Security, Norton Internet Security, and Norton 360 before NGC 22.7; Norton Security for Mac before 13.0.2; Norton Power Eraser (NPE) before 5.1; and Norton Bootable Removal Tool (NBRT) before 2016.1 allows remote attackers to execute arbitrary code or cause a denial of service (memory access violation) via a crafted ZIP archive that is mishandled during decompression.",,,
CVE-2016-3279,5.5,MEDIUM,2016-07-13T01:59:33.610,0.16423,0.96673,False,,,"Microsoft Office 2010 SP2, Excel 2010 SP2, PowerPoint 2010 SP2, Word 2010 SP2, Excel 2013 SP1, PowerPoint 2013 SP1, Word 2013 SP1, Excel 2013 RT SP1, PowerPoint 2013 RT SP1, Word 2013 RT SP1, Excel 2016, Word 2016, Word Automation Services on SharePoint Server 2010 SP2, and Office Web Apps 2010 SP2 allow remote attackers to execute arbitrary code via a crafted XLA file, aka ""Microsoft Office Remote Code Execution Vulnerability.""",,,
CVE-2016-3281,7.8,HIGH,2016-07-13T01:59:35.440,0.20447,0.97244,False,,,"Microsoft Office 2010 SP2, Word 2010 SP2, Word 2013 SP1, Word 2013 RT SP1, Word 2016, Word for Mac 2011, Word 2016 for Mac, Word Automation Services on SharePoint Server 2010 SP2, and Office Web Apps 2010 SP2 allow remote attackers to execute arbitrary code via a crafted Office document, aka ""Microsoft Office Memory Corruption Vulnerability.""",,,
CVE-2016-3282,7.8,HIGH,2016-07-13T01:59:36.423,0.26291,0.97807,False,,,"Microsoft Word 2007 SP3, Office 2010 SP2, Word 2010 SP2, Word 2013 SP1, Word 2013 RT SP1, Word 2016, Word for Mac 2011, Word 2016 for Mac, Office Compatibility Pack SP3, Word Viewer, Word Automation Services on SharePoint Server 2010 SP2, Word Automation Services on SharePoint Server 2013 SP1, SharePoint Server 2016, Office Web Apps 2010 SP2, Office Web Apps Server 2013 SP1, and Office Online Server allow remote attackers to execute arbitrary code via a crafted Office document, aka ""Microsoft Office Memory Corruption Vulnerability.""",,,
CVE-2016-4377,8.1,HIGH,2016-08-22T10:59:06.713,0.07197,0.93703,False,,,"HPE Smart Update in Storage Sizing Tool before 13.0, Converged Infrastructure Solution Sizer Suite (CISSS) before 2.13.1, Power Advisor before 7.8.2, Insight Management Sizer before 16.12.1, Synergy Planning Tool before 3.3, SAP Sizing Tool before 16.12.1, Sizing Tool for SAP Business Suite powered by HANA before 16.11.1, Sizer for ConvergedSystems Virtualization before 16.7.1, Sizer for Microsoft Exchange Server before 16.12.1, Sizer for Microsoft Lync Server 2013 before 16.12.1, Sizer for Microsoft SharePoint 2013 before 16.13.1, Sizer for Microsoft SharePoint 2010 before 16.11.1, and Sizer for Microsoft Skype for Business Server 2015 before 16.5.1 allows remote attackers to execute arbitrary code via unspecified vectors.",,,
CVE-2016-3357,7.8,HIGH,2016-09-14T10:59:30.950,0.54809,0.98926,False,,,"Microsoft Office 2007 SP3, Office 2010 SP2, Office 2013 SP1, Office 2013 RT SP1, Office 2016, Word for Mac 2011, Word 2016 for Mac, Word Viewer, Word Automation Services on SharePoint Server 2010 SP2, SharePoint Server 2013 SP1, Excel Automation Services on SharePoint Server 2013 SP1, Word Automation Services on SharePoint Server 2013 SP1, Office Web Apps 2010 SP2, and Office Web Apps Server 2013 SP1 allow remote attackers to execute arbitrary code via a crafted document, aka ""Microsoft Office Memory Corruption Vulnerability.""",,,
CVE-2016-3358,7.8,HIGH,2016-09-14T10:59:32.013,0.18434,0.96959,False,,,"Microsoft Excel 2007 SP3, Excel 2010 SP2, Excel 2013 SP1, Excel 2013 RT SP1, Excel 2016, Excel 2016 for Mac, Office Compatibility Pack SP3, Excel Viewer, Excel Services on SharePoint Server 2007 SP3, Excel Services on SharePoint Server 2010 SP2, Excel Automation Services on SharePoint Server 2013 SP1, and Office Online Server allow remote attackers to execute arbitrary code via a crafted document, aka ""Microsoft Office Memory Corruption Vulnerability.""",,,
CVE-2016-3360,7.8,HIGH,2016-09-14T10:59:34.373,0.17235,0.96806,False,,,"Microsoft PowerPoint 2007 SP3, PowerPoint 2010 SP2, PowerPoint 2013 SP1, PowerPoint 2013 RT SP1, PowerPoint 2016 for Mac, Office Compatibility Pack SP3, PowerPoint Viewer, SharePoint Server 2013 SP1, Office Web Apps 2010 SP2, and Office Web Apps Server 2013 SP1 allow remote attackers to execute arbitrary code via a crafted document, aka ""Microsoft Office Memory Corruption Vulnerability.""",,,
CVE-2016-3362,7.8,HIGH,2016-09-14T10:59:36.390,0.17466,0.96838,False,,,"Microsoft Excel 2007 SP3, Excel 2010 SP2, Excel 2013 SP1, Excel 2013 RT SP1, Excel 2016, Office Compatibility Pack SP3, Excel Viewer, Excel Services on SharePoint Server 2007 SP3, Excel Services on SharePoint Server 2010 SP2, Excel Automation Services on SharePoint Server 2013 SP1, and Office Online Server allow remote attackers to execute arbitrary code via a crafted document, aka ""Microsoft Office Memory Corruption Vulnerability,"" a different vulnerability than CVE-2016-3365.",,,
CVE-2016-3365,7.8,HIGH,2016-09-14T10:59:39.797,0.19867,0.97166,False,,,"Microsoft Excel 2007 SP3, Excel 2010 SP2, Excel 2013 SP1, Excel 2013 RT SP1, Excel 2016, Office Compatibility Pack SP3, Excel Viewer, Excel Services on SharePoint Server 2007 SP3, Excel Services on SharePoint Server 2010 SP2, Excel Automation Services on SharePoint Server 2013 SP1, and Office Online Server allow remote attackers to execute arbitrary code via a crafted document, aka ""Microsoft Office Memory Corruption Vulnerability,"" a different vulnerability than CVE-2016-3362.",,,
CVE-2016-7193,7.8,HIGH,2016-10-14T02:59:38.013,0.57705,0.98993,True,2022-03-03,Unknown,"Microsoft Word 2007 SP2, Office 2010 SP2, Word 2013 SP1, Word 2013 RT SP1, Word 2016, Word for Mac 2011, Word 2016 for Mac, Office Compatibility Pack SP3, Word Viewer, Word Automation Services on SharePoint Server 2010 SP2, Word Automation Services on SharePoint Server 2013 SP1, Office Web Apps 2010 SP2, Office Web Apps Server 2013 SP1, and Office Online Server allow remote attackers to execute arbitrary code via a crafted RTF document, aka ""Microsoft Office Memory Corruption Vulnerability.""",Microsoft Office Memory Corruption Vulnerability,Microsoft Office contains a memory corruption vulnerability which can allow for remote code execution.,Apply updates per vendor instructions.
CVE-2016-7233,6.5,MEDIUM,2016-11-10T06:59:46.300,0.22384,0.97464,False,,,"Microsoft Word 2007, Office 2010 SP2, Word 2010 SP2, Word for Mac 2011, Excel for Mac 2011, Word Viewer, Office Compatibility Pack SP3, Word Automation Services on SharePoint Server 2013 SP1, and Office Web Apps 2010 SP2 allow remote attackers to obtain sensitive information from process memory or cause a denial of service (out-of-bounds read) via a crafted Office document, aka ""Microsoft Office Information Disclosure Vulnerability.""",,,
CVE-2016-7234,7.8,HIGH,2016-11-10T06:59:47.363,0.20612,0.97276,False,,,"Microsoft Word 2007, Office 2010 SP2, Word 2010 SP2, Word 2013 SP1, Word 2013 RT SP1, Word for Mac 2011, Excel for Mac 2011, Word 2016 for Mac, Office Compatibility Pack SP3, Word Automation Services on SharePoint Server 2010 SP2, Word Automation Services on SharePoint Server 2013 SP1, Office Web Apps 2010 SP2, and Office Web Apps Server 2013 SP1 allow remote attackers to execute arbitrary code via a crafted Office document, aka ""Microsoft Office Memory Corruption Vulnerability.""",,,
CVE-2016-7236,7.8,HIGH,2016-11-10T06:59:49.440,0.20717,0.97294,False,,,"Microsoft Excel 2010 SP2, Excel for Mac 2011, Excel 2016 for Mac, and Excel Services on SharePoint Server 2010 SP2 allow remote attackers to execute arbitrary code via a crafted Office document, aka ""Microsoft Office Memory Corruption Vulnerability.""",,,
CVE-2016-7265,7.1,HIGH,2016-12-20T06:59:00.467,0.22571,0.9749,False,,,"Microsoft Excel 2007 SP3, Excel 2010 SP2, Excel 2013 SP1, Excel 2013 RT SP1, Excel 2016, Office Compatibility Pack SP3, Excel Viewer, Excel Services on SharePoint Server 2007 SP3, and Excel Services on SharePoint Server 2010 SP2 allow remote attackers to obtain sensitive information from process memory or cause a denial of service (out-of-bounds read) via a crafted document, aka ""Microsoft Office Information Disclosure Vulnerability.""",,,
CVE-2016-7268,7.1,HIGH,2016-12-20T06:59:00.593,0.22585,0.97492,False,,,"Microsoft Word 2007 SP3, Office 2010 SP2, Word 2010 SP2, Office Compatibility Pack SP3, Word Viewer, Word for Mac 2011, Word Automation Services on SharePoint Server 2010 SP2, and Office Web Apps 2010 SP2 allow remote attackers to obtain sensitive information from process memory or cause a denial of service (out-of-bounds read) via a crafted document, aka ""Microsoft Office Information Disclosure Vulnerability.""",,,
CVE-2016-7290,7.1,HIGH,2016-12-20T06:59:01.297,0.22765,0.97507,False,,,"Microsoft Word 2007 SP3, Office 2010 SP2, Word 2010 SP2, Office Compatibility Pack SP3, Word for Mac 2011, Word Automation Services on SharePoint Server 2010 SP2, and Office Web Apps 2010 SP2 allow remote attackers to obtain sensitive information from process memory or cause a denial of service (out-of-bounds read) via a crafted document, aka ""Microsoft Office Information Disclosure Vulnerability,"" a different vulnerability than CVE-2016-7291.",,,
CVE-2016-7291,7.1,HIGH,2016-12-20T06:59:01.327,0.22765,0.97506,False,,,"Microsoft Word 2007 SP3, Office 2010 SP2, Word 2010 SP2, Office Compatibility Pack SP3, Word for Mac 2011, Word Automation Services on SharePoint Server 2010 SP2, and Office Web Apps 2010 SP2 allow remote attackers to obtain sensitive information from process memory or cause a denial of service (out-of-bounds read) via a crafted document, aka ""Microsoft Office Information Disclosure Vulnerability,"" a different vulnerability than CVE-2016-7290.",,,
CVE-2017-0003,7.8,HIGH,2017-01-10T21:59:00.167,0.24693,0.97684,False,,,"Microsoft Word 2016 and SharePoint Enterprise Server 2016 allow remote attackers to execute arbitrary code via a crafted document, aka ""Microsoft Office Memory Corruption Vulnerability.""",,,
CVE-2017-0006,7.8,HIGH,2017-03-17T00:59:00.227,0.16607,0.96704,False,,,"Microsoft Excel 2007 SP3, Office Compatibility Pack SP3, Excel Viewer, and Excel Services on SharePoint Server 2007 SP3 allow remote attackers to execute arbitrary code or cause a denial of service (memory corruption) via a crafted document, aka ""Microsoft Office Memory Corruption Vulnerability."" This vulnerability is different from those described in CVE-2017-0019, CVE-2017-0020, CVE-2017-0030, CVE-2017-0031, CVE-2017-0052, and CVE-2017-0053.",,,
CVE-2017-0027,4.7,MEDIUM,2017-03-17T00:59:00.837,0.22552,0.97488,False,,,"Microsoft Excel 2007 SP3, Excel 2010 SP2, Excel 2013 RT SP1, Excel 2016, Office Compatibility Pack SP3, and Excel Services on SharePoint Server 2013 SP1 allow remote attackers to obtain sensitive information from process memory via a crafted Office document, aka ""Microsoft Office Information Disclosure Vulnerability.""",,,
CVE-2017-0030,7.8,HIGH,2017-03-17T00:59:00.900,0.25985,0.97786,False,,,"Microsoft Office 2010 SP2, Office Compatibility Pack SP3, Office Web Apps Server 2010 SP2, Word 2007 SP3, Word 2010 SP2, and Word Automation Services on SharePoint Server 2010 SP2 allow remote attackers to execute arbitrary code or cause a denial of service (memory corruption) via a crafted document, aka ""Microsoft Office Memory Corruption Vulnerability."" This vulnerability is different from those described in CVE-2017-0006, CVE-2017-0019, CVE-2017-0020, CVE-2017-0031, CVE-2017-0052, and CVE-2017-0053.",,,
CVE-2017-0052,7.8,HIGH,2017-03-17T00:59:01.367,0.16607,0.96703,False,,,"Microsoft Office Compatibility Pack SP3, Excel 2007 SP3, Excel Viewer, and Excel Services on SharePoint Server 2007 SP3 allow remote attackers to execute arbitrary code or cause a denial of service (memory corruption) via a crafted document, aka ""Microsoft Office Memory Corruption Vulnerability."" This vulnerability is different from those described in CVE-2017-0006, CVE-2017-0019, CVE-2017-0020, CVE-2017-0030, CVE-2017-0031, and CVE-2017-0053.",,,
CVE-2017-0105,5.5,MEDIUM,2017-03-17T00:59:02.853,0.30411,0.98056,False,,,"Microsoft Word 2007 SP3, Office 2010 SP2, Word 2010 SP2, Word for Mac 2011, Office Compatibility Pack SP3, Word Automation Services on SharePoint Server 2010 SP2, and Office Web Apps 2010 SP2 allow remote attackers to obtain sensitive information from out-of-bound memory via a crafted Office document, aka ""Microsoft Office Information Disclosure Vulnerability.""",,,
CVE-2017-0107,6.1,MEDIUM,2017-03-17T00:59:02.900,0.06978,0.93512,False,,,"Microsoft SharePoint Server fails to sanitize crafted web requests, allowing remote attackers to run cross-script in local security context, aka ""Microsoft SharePoint XSS Vulnerability.""",,,
CVE-2017-0195,5.4,MEDIUM,2017-04-12T14:59:01.093,0.03842,0.89113,False,,,"Microsoft Excel Services on Microsoft SharePoint Server 2010 SP1 and SP2, Microsoft Excel Web Apps 2010 SP2, Microsoft Office Web Apps 2010 SP2, Microsoft Office Web Apps Server 2013 SP1 and Office Online Server allows remote attackers to perform cross-site scripting and run script with local user privileges via a crafted request, aka ""Microsoft Office XSS Elevation of Privilege Vulnerability.""",,,
CVE-2016-5309,5.5,MEDIUM,2017-04-14T18:59:00.500,0.06877,0.93425,False,,,"The RAR file parser component in the AntiVirus Decomposer engine in Symantec Advanced Threat Protection: Network (ATP); Symantec Email Security.Cloud; Symantec Data Center Security: Server; Symantec Endpoint Protection (SEP) for Windows before 12.1.6 MP5; Symantec Endpoint Protection (SEP) for Mac; Symantec Endpoint Protection (SEP) for Linux before 12.1.6 MP6; Symantec Endpoint Protection for Small Business Enterprise (SEP SBE/SEP.Cloud); Symantec Endpoint Protection Cloud (SEPC) for Windows/Mac; Symantec Endpoint Protection Small Business Edition 12.1; CSAPI before 10.0.4 HF02; Symantec Protection Engine (SPE) before 7.0.5 HF02, 7.5.x before 7.5.4 HF02, 7.5.5 before 7.5.5 HF01, and 7.8.x before 7.8.0 HF03; Symantec Mail Security for Domino (SMSDOM) before 8.0.9 HF2.1, 8.1.x before 8.1.2 HF2.3, and 8.1.3 before 8.1.3 HF2.2; Symantec Mail Security for Microsoft Exchange (SMSMSE) before 6.5.8_3968140 HF2.3, 7.x before 7.0_3966002 HF2.1, and 7.5.x before 7.5_3966008 VHF2.2; Symantec Protection for SharePoint Servers (SPSS) before SPSS_6.0.3_To_6.0.5_HF_2.5 update, 6.0.6 before 6.0.6 HF_2.6, and 6.0.7 before 6.0.7_HF_2.7; Symantec Messaging Gateway (SMG) before 10.6.2; Symantec Messaging Gateway for Service Providers (SMG-SP) before 10.5 patch 260 and 10.6 before patch 259; Symantec Web Gateway; and Symantec Web Security.Cloud allows remote attackers to cause a denial of service (out-of-bounds read) via a crafted RAR file that is mishandled during decompression.",,,
CVE-2016-5310,5.5,MEDIUM,2017-04-14T18:59:00.563,0.05307,0.91812,False,,,"The RAR file parser component in the AntiVirus Decomposer engine in Symantec Advanced Threat Protection: Network (ATP); Symantec Email Security.Cloud; Symantec Data Center Security: Server; Symantec Endpoint Protection (SEP) for Windows before 12.1.6 MP5; Symantec Endpoint Protection (SEP) for Mac; Symantec Endpoint Protection (SEP) for Linux before 12.1.6 MP6; Symantec Endpoint Protection for Small Business Enterprise (SEP SBE/SEP.Cloud); Symantec Endpoint Protection Cloud (SEPC) for Windows/Mac; Symantec Endpoint Protection Small Business Edition 12.1; CSAPI before 10.0.4 HF02; Symantec Protection Engine (SPE) before 7.0.5 HF02, 7.5.x before 7.5.4 HF02, 7.5.5 before 7.5.5 HF01, and 7.8.x before 7.8.0 HF03; Symantec Mail Security for Domino (SMSDOM) before 8.0.9 HF2.1, 8.1.x before 8.1.2 HF2.3, and 8.1.3 before 8.1.3 HF2.2; Symantec Mail Security for Microsoft Exchange (SMSMSE) before 6.5.8_3968140 HF2.3, 7.x before 7.0_3966002 HF2.1, and 7.5.x before 7.5_3966008 VHF2.2; Symantec Protection for SharePoint Servers (SPSS) before SPSS_6.0.3_To_6.0.5_HF_2.5 update, 6.0.6 before 6.0.6 HF_2.6, and 6.0.7 before 6.0.7_HF_2.7; Symantec Messaging Gateway (SMG) before 10.6.2; Symantec Messaging Gateway for Service Providers (SMG-SP) before 10.5 patch 260 and 10.6 before patch 259; Symantec Web Gateway; and Symantec Web Security.Cloud allows remote attackers to cause a denial of service (memory corruption) via a crafted RAR file that is mishandled during decompression.",,,
CVE-2017-0254,7.8,HIGH,2017-05-12T14:29:04.067,0.19817,0.97158,False,,,"Microsoft Word 2007, Office 2010 SP2, Word 2010 SP2, Office Compatibility Pack SP3, Office for Mac 2011, Office for Mac 2016, Microsoft Office Web Apps 2010 SP2, Office Web Apps Server 2013 SP1, Word 2013 RT SP1, Word 2013 SP1, Word Automation Services on Microsoft SharePoint Server 2013 SP1, Office Word Viewer, SharePoint Enterprise Server 2016, and Word 2016 allow a remote code execution vulnerability when the software fails to properly handle objects in memory, aka ""Microsoft Office Memory Corruption Vulnerability"". This CVE ID is unique from CVE-2017-0264 and CVE-2017-0265.",,,
CVE-2017-0255,5.4,MEDIUM,2017-05-12T14:29:04.113,0.01682,0.74739,False,,,"Microsoft SharePoint Foundation 2013 SP1 allows an elevation of privilege vulnerability when it does not properly sanitize a specially crafted web request, aka ""Microsoft SharePoint XSS Vulnerability"".",,,
CVE-2017-0281,7.8,HIGH,2017-05-12T14:29:06.660,0.15757,0.96548,False,,,"Microsoft Office 2007 SP3, Office 2010 SP2, Office 2013 SP1, Office 2016, Office Online Server 2016, Office Web Apps 2010 SP2,Office Web Apps 2013 SP1, Project Server 2013 SP1, SharePoint Enterprise Server 2013 SP1, SharePoint Enterprise Server 2016, SharePoint Foundation 2013 SP1, Sharepoint Server 2010 SP2, Word 2016, and Skype for Business 2016 allow a remote code execution vulnerability when the software fails to properly handle objects in memory, aka ""Office Remote Code Execution Vulnerability"". This CVE ID is unique from CVE-2017-0261 and CVE-2017-0262.",,,
CVE-2017-8514,5.4,MEDIUM,2017-06-15T01:29:03.977,0.03026,0.86191,False,,,"An information disclosure vulnerability exists when Microsoft SharePoint software fails to properly sanitize a specially crafted requests, aka ""Microsoft SharePoint Reflective XSS Vulnerability"".",,,
CVE-2017-8551,6.1,MEDIUM,2017-06-15T01:29:04.693,0.03263,0.87193,False,,,"An elevation of privilege vulnerability exists when Microsoft SharePoint software fails to properly sanitize a specially crafted requests, aka ""Microsoft SharePoint XSS vulnerability"".",,,
CVE-2017-8569,8.8,HIGH,2017-07-11T21:29:01.233,0.05377,0.91892,False,,,"Microsoft SharePoint Server allows an elevation of privilege vulnerability due to the way that it sanitizes a specially crafted web request to an affected SharePoint server, aka ""SharePoint Server XSS Vulnerability"".",,,
CVE-2017-8654,5.4,MEDIUM,2017-08-08T21:29:01.487,0.02146,0.80348,False,,,"Microsoft SharePoint Server 2010 Service Pack 2 allows a cross-site scripting (XSS) vulnerability when it does not properly sanitize a specially crafted web request to an affected SharePoint server, aka ""Microsoft Office SharePoint XSS Vulnerability"".",,,
CVE-2017-8629,5.4,MEDIUM,2017-09-13T01:29:09.597,0.0239,0.82376,False,,,"Microsoft SharePoint Server 2013 Service Pack 1 allows an elevation of privilege vulnerability when it fails to properly sanitize a specially crafted web request to an affected SharePoint server, aka ""Microsoft SharePoint XSS Vulnerability"".",,,
CVE-2017-8742,7.8,HIGH,2017-09-13T01:29:11.630,0.22123,0.97437,False,,,"A remote code execution vulnerability exists in Microsoft PowerPoint 2007 Service Pack 3, Microsoft PowerPoint 2010 Service Pack 2, Microsoft PowerPoint 2013 Service Pack 1, Microsoft PowerPoint 2013 RT Service Pack 1, Microsoft PowerPoint 2016, Microsoft PowerPoint Viewer 2007, Microsoft SharePoint Server 2013 Service Pack 1, Microsoft SharePoint Enterprise Server 2016, Microsoft Office Web Apps 2010 Service Pack 2, and Microsoft Office Compatibility Pack Service Pack 3 when they fail to properly handle objects in memory, aka ""PowerPoint Remote Code Execution Vulnerability"". This CVE ID is unique from CVE-2017-8743.",,,
CVE-2017-8743,7.8,HIGH,2017-09-13T01:29:11.660,0.22123,0.97437,False,,,"A remote code execution vulnerability exists in Microsoft PowerPoint 2016, Microsoft SharePoint Enterprise Server 2016, and Office Online Server when they fail to properly handle objects in memory, aka ""PowerPoint Remote Code Execution Vulnerability"". This CVE ID is unique from CVE-2017-8742.",,,
CVE-2017-8745,5.4,MEDIUM,2017-09-13T01:29:11.723,0.0175,0.75695,False,,,"An elevation of privilege vulnerability exists in Microsoft SharePoint Foundation 2013 Service Pack 1 when it does not properly sanitize a specially crafted web request to an affected SharePoint server, aka ""Microsoft SharePoint Cross Site Scripting Vulnerability"".",,,
CVE-2017-11775,5.4,MEDIUM,2017-10-13T13:29:00.473,0.02267,0.81371,False,,,"Microsoft SharePoint Enterprise Server 2013 SP1 and Microsoft SharePoint Enterprise Server 2016 allow an attacker to exploit a cross-site scripting (XSS) vulnerability by sending a specially crafted request to an affected SharePoint server, due to how SharePoint Server sanitizes web requests, aka ""Microsoft Office SharePoint XSS Vulnerability"". This CVE ID is unique from CVE-2017-11777 and CVE-2017-11820.",,,
CVE-2017-11777,5.4,MEDIUM,2017-10-13T13:29:00.537,0.02267,0.81372,False,,,"Microsoft SharePoint Enterprise Server 2013 SP1 and Microsoft SharePoint Enterprise Server 2016 allow an attacker to exploit a cross-site scripting (XSS) vulnerability by sending a specially crafted request to an affected SharePoint server, due to how SharePoint Server sanitizes web requests, aka ""Microsoft Office SharePoint XSS Vulnerability"". This CVE ID is unique from CVE-2017-11775 and CVE-2017-11820.",,,
CVE-2017-11820,5.4,MEDIUM,2017-10-13T13:29:01.847,0.02267,0.81372,False,,,"Microsoft SharePoint Enterprise Server 2013 SP1 and Microsoft SharePoint Enterprise Server 2016 allow an attacker to exploit a cross-site scripting (XSS) vulnerability by sending a specially crafted request to an affected SharePoint server, due to how SharePoint Server sanitizes web requests, aka ""Microsoft Office SharePoint XSS Vulnerability"". This CVE ID is unique from CVE-2017-11775 and CVE-2017-11777.",,,
CVE-2017-11826,7.8,HIGH,2017-10-13T13:29:02.067,0.81454,0.99604,True,2022-03-03,Unknown,"Microsoft Office 2010, SharePoint Enterprise Server 2010, SharePoint Server 2010, Web Applications, Office Web Apps Server 2010 and 2013, Word Viewer, Word 2007, 2010, 2013 and 2016, Word Automation Services, and Office Online Server allow remote code execution when the software fails to properly handle objects in memory.",Microsoft Office Remote Code Execution Vulnerability,A remote code execution vulnerability exists in Microsoft Office software when the software fails to properly handle objects in memory. An attacker who successfully exploited the vulnerability could run arbitrary code in the context of the current user.,Apply updates per vendor instructions.
CVE-2017-11876,8.8,HIGH,2017-11-15T03:29:01.733,0.02474,0.82995,False,,,"Microsoft Project Server and Microsoft SharePoint Enterprise Server 2016 allow an attacker to use cross-site forgery to read content that they are not authorized to read, use the victim's identity to take actions on the web application on behalf of the victim, such as change permissions and delete content, and inject malicious content in the browser of the victim, aka ""Microsoft Project Server Elevation of Privilege Vulnerability"".",,,
CVE-2017-11936,8.8,HIGH,2017-12-12T21:29:02.073,0.04194,0.89985,False,,,"Microsoft SharePoint Enterprise Server 2016 allows an elevation of privilege vulnerability due to the way web requests are handled, aka ""Microsoft SharePoint Elevation of Privilege Vulnerability"".",,,
CVE-2018-0789,8.8,HIGH,2018-01-10T01:29:00.353,0.06371,0.92986,False,,,"Microsoft SharePoint Foundation 2010, Microsoft SharePoint Server 2013 and Microsoft SharePoint Server 2016 allow an elevation of privilege vulnerability due to the way web requests are handled, aka ""Microsoft SharePoint Elevation of Privilege Vulnerability"". This CVE is unique from CVE-2018-0790.",,,
CVE-2018-0790,8.8,HIGH,2018-01-10T01:29:00.400,0.05255,0.9176,False,,,"Microsoft SharePoint Foundation 2010, Microsoft SharePoint Server 2013 and Microsoft SharePoint Server 2016 allow an elevation of privilege vulnerability due to the way web requests are handled, aka ""Microsoft SharePoint Elevation of Privilege Vulnerability"". This CVE is unique from CVE-2018-0789.",,,
CVE-2018-0799,6.1,MEDIUM,2018-01-10T01:29:00.757,0.03631,0.88447,False,,,"Microsoft Access in Microsoft SharePoint Enterprise Server 2013 and Microsoft SharePoint Enterprise Server 2016 allows a cross-site-scripting (XSS) vulnerability due to the way image field values are handled, aka ""Microsoft Access Tampering Vulnerability"".",,,
CVE-2018-0909,8.8,HIGH,2018-03-14T17:29:02.433,0.04614,0.90802,False,,,"Microsoft Project Server 2013 SP1 and Microsoft SharePoint Enterprise Server 2016 allow an elevation of privilege vulnerability to due how specially crafted web requests are sanitized, aka ""Microsoft SharePoint Elevation of Privilege Vulnerability"". This CVE is unique from CVE-2018-0910, CVE-2018-0911, CVE-2018-0912, CVE-2018-0913, CVE-2018-0914, CVE-2018-0915, CVE-2018-0916, CVE-2018-0917, CVE-2018-0921, CVE-2018-0923, CVE-2018-0944 and CVE-2018-0947.",,,
CVE-2018-0910,8.8,HIGH,2018-03-14T17:29:02.480,0.04614,0.90803,False,,,"Microsoft Project Server 2013 SP1 and Microsoft SharePoint Enterprise Server 2016 allow an elevation of privilege vulnerability to due how specially crafted web requests are sanitized, aka ""Microsoft SharePoint Elevation of Privilege Vulnerability"". This CVE is unique from CVE-2018-0909, CVE-2018-0911, CVE-2018-0912, CVE-2018-0913, CVE-2018-0914, CVE-2018-0915, CVE-2018-0916, CVE-2018-0917, CVE-2018-0921, CVE-2018-0923, CVE-2018-0944 and CVE-2018-0947.",,,
CVE-2018-0911,8.8,HIGH,2018-03-14T17:29:02.527,0.04614,0.90803,False,,,"Microsoft Project Server 2013 SP1 and Microsoft SharePoint Enterprise Server 2016 allow an elevation of privilege vulnerability to due how specially crafted web requests are sanitized, aka ""Microsoft SharePoint Elevation of Privilege Vulnerability"". This CVE is unique from CVE-2018-0909, CVE-2018-0910, CVE-2018-0912, CVE-2018-0913, CVE-2018-0914, CVE-2018-0915, CVE-2018-0916, CVE-2018-0917, CVE-2018-0921, CVE-2018-0923, CVE-2018-0944 and CVE-2018-0947.",,,
CVE-2018-0912,8.8,HIGH,2018-03-14T17:29:02.573,0.04614,0.90802,False,,,"Microsoft Project Server 2013 SP1 and Microsoft SharePoint Enterprise Server 2016 allow an elevation of privilege vulnerability to due how specially crafted web requests are sanitized, aka ""Microsoft SharePoint Elevation of Privilege Vulnerability"". This CVE is unique from CVE-2018-0909, CVE-2018-0910. CVE-2018-0911, CVE-2018-0913, CVE-2018-0914, CVE-2018-0915, CVE-2018-0916, CVE-2018-0917, CVE-2018-0921, CVE-2018-0923, CVE-2018-0944 and CVE-2018-0947.",,,
CVE-2018-0913,8.8,HIGH,2018-03-14T17:29:02.620,0.04614,0.90804,False,,,"Microsoft Project Server 2013 SP1 and Microsoft SharePoint Enterprise Server 2016 allow an elevation of privilege vulnerability to due how specially crafted web requests are sanitized, aka ""Microsoft SharePoint Elevation of Privilege Vulnerability"". This CVE is unique from CVE-2018-0909, CVE-2018-0910. CVE-2018-0911, CVE-2018-0913, CVE-2018-0914, CVE-2018-0915, CVE-2018-0916, CVE-2018-0917, CVE-2018-0921, CVE-2018-0923, CVE-2018-0944 and CVE-2018-0947.",,,
CVE-2018-0914,8.8,HIGH,2018-03-14T17:29:02.667,0.04614,0.90802,False,,,"Microsoft Project Server 2013 SP1 and Microsoft SharePoint Enterprise Server 2016 allow an elevation of privilege vulnerability to due how specially crafted web requests are sanitized, aka ""Microsoft SharePoint Elevation of Privilege Vulnerability"". This CVE is unique from CVE-2018-0909, CVE-2018-0910. CVE-2018-0911, CVE-2018-0912, CVE-2018-0913, CVE-2018-0915, CVE-2018-0916, CVE-2018-0917, CVE-2018-0921, CVE-2018-0923, CVE-2018-0944 and CVE-2018-0947.",,,
CVE-2018-0915,8.8,HIGH,2018-03-14T17:29:02.730,0.04614,0.90803,False,,,"Microsoft Project Server 2013 SP1 and Microsoft SharePoint Enterprise Server 2016 allow an elevation of privilege vulnerability to due how specially crafted web requests are sanitized, aka ""Microsoft SharePoint Elevation of Privilege Vulnerability"". This CVE is unique from CVE-2018-0909, CVE-2018-0910. CVE-2018-0911, CVE-2018-0912, CVE-2018-0914, CVE-2018-0916, CVE-2018-0917, CVE-2018-0921, CVE-2018-0923, CVE-2018-0944 and CVE-2018-0947.",,,
CVE-2018-0916,8.8,HIGH,2018-03-14T17:29:02.793,0.04614,0.90804,False,,,"Microsoft Project Server 2013 SP1 and Microsoft SharePoint Enterprise Server 2016 allow an elevation of privilege vulnerability to due how specially crafted web requests are sanitized, aka ""Microsoft SharePoint Elevation of Privilege Vulnerability"". This CVE is unique from CVE-2018-0909, CVE-2018-0910. CVE-2018-0911, CVE-2018-0912, CVE-2018-0913 CVE-2018-0914, CVE-2018-0915, CVE-2018-0917, CVE-2018-0921, CVE-2018-0923, CVE-2018-0944 and CVE-2018-0947.",,,
CVE-2018-0917,8.8,HIGH,2018-03-14T17:29:02.840,0.04614,0.90805,False,,,"Microsoft SharePoint Enterprise Server 2016 allows an elevation of privilege vulnerability to due how specially crafted web requests are sanitized, aka ""Microsoft SharePoint Elevation of Privilege Vulnerability"". This CVE is unique from CVE-2018-0909, CVE-2018-0910. CVE-2018-0911, CVE-2018-0912, CVE-2018-0913 CVE-2018-0914, CVE-2018-0915, CVE-2018-0916, CVE-2018-0921, CVE-2018-0923, CVE-2018-0944 and CVE-2018-0947.",,,
CVE-2018-0919,3.3,LOW,2018-03-14T17:29:02.887,0.11878,0.957,False,,,"Microsoft Office 2010 SP2, 2013 SP1, and 2016, Microsoft Office 2016 Click-to-Run Microsoft Office 2016 for Mac, Microsoft Office Web Apps 2010 SP2, Microsoft Office Web Apps 2013 SP1, Microsoft SharePoint Enterprise Server 2013 SP1, Microsoft SharePoint Enterprise Server 2016, Microsoft SharePoint Server 2010 SP2, Microsoft Word 2010 SP2, Word 2013 SP1 and Microsoft Word 2016 allow an information disclosure vulnerability due to how variables are initialized, aka ""Microsoft Office Information Disclosure Vulnerability"".",,,
CVE-2018-0921,8.8,HIGH,2018-03-14T17:29:02.933,0.04614,0.90803,False,,,"Microsoft SharePoint Enterprise Server 2016 allows an elevation of privilege vulnerability to due how specially crafted web requests are sanitized, aka ""Microsoft SharePoint Elevation of Privilege Vulnerability"". This CVE is unique from CVE-2018-0909, CVE-2018-0910. CVE-2018-0911, CVE-2018-0912, CVE-2018-0913 CVE-2018-0914, CVE-2018-0915, CVE-2018-0916, CVE-2018-0917, CVE-2018-0923, CVE-2018-0944 and CVE-2018-0947.",,,
CVE-2018-0922,7.8,HIGH,2018-03-14T17:29:02.980,0.18283,0.96941,False,,,"Microsoft Office 2010 SP2, 2013 SP1, and 2016, Microsoft Office 2016 Click-to-Run Microsoft Office 2016 for Mac, Microsoft Office Compatibility Pack SP2, Microsoft Office Web Apps 2010 SP2, Microsoft Office Web Apps 2013 SP1, Microsoft Office Word Viewer, Microsoft SharePoint Enterprise Server 2013 SP1, Microsoft SharePoint Enterprise Server 2016, Microsoft Office Compatibility Pack SP2, Microsoft Online Server 2016, Microsoft SharePoint Server 2010 SP2, Microsoft Word 2007 SP3, Microsoft Word 2010 SP2, Word 2013 and Microsoft Word 2016 allow a remote code execution vulnerability due to how objects are handled in memory, aka ""Microsoft Office Memory Corruption Vulnerability"".",,,
CVE-2018-0923,8.8,HIGH,2018-03-14T17:29:03.027,0.04614,0.90802,False,,,"Microsoft SharePoint Enterprise Server 2016 allows an elevation of privilege vulnerability to due how specially crafted web requests are sanitized, aka ""Microsoft SharePoint Elevation of Privilege Vulnerability"". This CVE is unique from CVE-2018-0909, CVE-2018-0910. CVE-2018-0911, CVE-2018-0912, CVE-2018-0913 CVE-2018-0914, CVE-2018-0915, CVE-2018-0916, CVE-2018-0917, CVE-2018-0921, CVE-2018-0944 and CVE-2018-0947.",,,
CVE-2018-0944,8.8,HIGH,2018-03-14T17:29:03.997,0.04614,0.90804,False,,,"Microsoft Project Server 2013 SP1 and Microsoft SharePoint Enterprise Server 2016 allows an elevation of privilege vulnerability to due how specially crafted web requests are sanitized, aka ""Microsoft SharePoint Elevation of Privilege Vulnerability"". This CVE is unique from CVE-2018-0909, CVE-2018-0910. CVE-2018-0911, CVE-2018-0912, CVE-2018-0913 CVE-2018-0914, CVE-2018-0915, CVE-2018-0916, CVE-2018-0917, CVE-2018-0921, CVE-2018-0923 and CVE-2018-0947.",,,
CVE-2018-0947,8.8,HIGH,2018-03-14T17:29:04.043,0.04614,0.90805,False,,,"Microsoft SharePoint Foundation 2013 SP1 and Microsoft SharePoint Enterprise Server 2016 allow an elevation of privilege vulnerability to due how specially crafted web requests are sanitized, aka ""Microsoft SharePoint Elevation of Privilege Vulnerability"". This CVE is unique from CVE-2018-0909, CVE-2018-0910. CVE-2018-0911, CVE-2018-0912, CVE-2018-0913 CVE-2018-0914, CVE-2018-0915, CVE-2018-0916, CVE-2018-0917, CVE-2018-0921, CVE-2018-0923 and CVE-2018-0944.",,,
CVE-2018-1005,5.4,MEDIUM,2018-04-12T01:29:09.237,0.02315,0.81792,False,,,"An elevation of privilege vulnerability exists when Microsoft SharePoint Server does not properly sanitize a specially crafted web request to an affected SharePoint server, aka ""Microsoft SharePoint Elevation of Privilege Vulnerability."" This affects Microsoft SharePoint. This CVE ID is unique from CVE-2018-1014, CVE-2018-1032, CVE-2018-1034.",,,
CVE-2018-1014,5.4,MEDIUM,2018-04-12T01:29:09.643,0.02315,0.81792,False,,,"An elevation of privilege vulnerability exists when Microsoft SharePoint Server does not properly sanitize a specially crafted web request to an affected SharePoint server, aka ""Microsoft SharePoint Elevation of Privilege Vulnerability."" This affects Microsoft SharePoint. This CVE ID is unique from CVE-2018-1005, CVE-2018-1032, CVE-2018-1034.",,,
CVE-2018-1028,8.8,HIGH,2018-04-12T01:29:10.173,0.1963,0.97129,False,,,"A remote code execution vulnerability exists when the Office graphics component improperly handles specially crafted embedded fonts, aka ""Microsoft Office Graphics Remote Code Execution Vulnerability."" This affects Word, Microsoft Office, Microsoft SharePoint, Excel, Microsoft SharePoint Server.",,,
CVE-2018-1032,5.4,MEDIUM,2018-04-12T01:29:10.317,0.02315,0.81791,False,,,"An elevation of privilege vulnerability exists when Microsoft SharePoint Server does not properly sanitize a specially crafted web request to an affected SharePoint server, aka ""Microsoft SharePoint Elevation of Privilege Vulnerability."" This affects Microsoft SharePoint Server, Microsoft SharePoint. This CVE ID is unique from CVE-2018-1005, CVE-2018-1014, CVE-2018-1034.",,,
CVE-2018-1034,5.4,MEDIUM,2018-04-12T01:29:10.377,0.02315,0.81792,False,,,"An elevation of privilege vulnerability exists when Microsoft SharePoint Server does not properly sanitize a specially crafted web request to an affected SharePoint server, aka ""Microsoft SharePoint Elevation of Privilege Vulnerability."" This affects Microsoft SharePoint. This CVE ID is unique from CVE-2018-1005, CVE-2018-1014, CVE-2018-1032.",,,
CVE-2018-8149,5.4,MEDIUM,2018-05-09T19:29:02.120,0.02831,0.85279,False,,,"An elevation of privilege vulnerability exists when Microsoft SharePoint Server does not properly sanitize a specially crafted web request to an affected SharePoint server, aka ""Microsoft SharePoint Elevation of Privilege Vulnerability."" This affects Microsoft SharePoint Server, Microsoft SharePoint. This CVE ID is unique from CVE-2018-8155, CVE-2018-8156, CVE-2018-8168.",,,
CVE-2018-8155,5.4,MEDIUM,2018-05-09T19:29:02.353,0.02831,0.85278,False,,,"An elevation of privilege vulnerability exists when Microsoft SharePoint Server does not properly sanitize a specially crafted web request to an affected SharePoint server, aka ""Microsoft SharePoint Elevation of Privilege Vulnerability."" This affects Microsoft SharePoint. This CVE ID is unique from CVE-2018-8149, CVE-2018-8156, CVE-2018-8168.",,,
CVE-2018-8156,5.4,MEDIUM,2018-05-09T19:29:02.387,0.02831,0.85278,False,,,"An elevation of privilege vulnerability exists when Microsoft SharePoint Server does not properly sanitize a specially crafted web request to an affected SharePoint server, aka ""Microsoft SharePoint Elevation of Privilege Vulnerability."" This affects Microsoft SharePoint, Microsoft Project Server. This CVE ID is unique from CVE-2018-8149, CVE-2018-8155, CVE-2018-8168.",,,
CVE-2018-8161,7.8,HIGH,2018-05-09T19:29:02.573,0.21535,0.97384,False,,,"A remote code execution vulnerability exists in Microsoft Office software when the software fails to properly handle objects in memory, aka ""Microsoft Office Remote Code Execution Vulnerability."" This affects Microsoft Word, Word, Microsoft Office, Microsoft SharePoint. This CVE ID is unique from CVE-2018-8157, CVE-2018-8158.",,,
CVE-2018-8168,5.4,MEDIUM,2018-05-09T19:29:02.793,0.02416,0.82576,False,,,"An elevation of privilege vulnerability exists when Microsoft SharePoint Server does not properly sanitize a specially crafted web request to an affected SharePoint server, aka ""Microsoft SharePoint Elevation of Privilege Vulnerability."" This affects Microsoft SharePoint Server, Microsoft SharePoint. This CVE ID is unique from CVE-2018-8149, CVE-2018-8155, CVE-2018-8156.",,,
CVE-2018-8252,5.4,MEDIUM,2018-06-14T12:29:02.663,0.02472,0.82982,False,,,"An elevation of privilege vulnerability exists when Microsoft SharePoint Server does not properly sanitize a specially crafted web request to an affected SharePoint server, aka ""Microsoft SharePoint Elevation of Privilege Vulnerability."" This affects Microsoft SharePoint. This CVE ID is unique from CVE-2018-8254.",,,
CVE-2018-8254,5.4,MEDIUM,2018-06-14T12:29:02.710,0.02472,0.82982,False,,,"An elevation of privilege vulnerability exists when Microsoft SharePoint Server does not properly sanitize a specially crafted web request to an affected SharePoint server, aka ""Microsoft SharePoint Elevation of Privilege Vulnerability."" This affects Microsoft Project Server, Microsoft SharePoint. This CVE ID is unique from CVE-2018-8252.",,,
CVE-2018-8299,5.4,MEDIUM,2018-07-11T00:29:01.710,0.02283,0.81513,False,,,"An elevation of privilege vulnerability exists when Microsoft SharePoint Server does not properly sanitize a specially crafted web request to an affected SharePoint server, aka ""Microsoft SharePoint Elevation of Privilege Vulnerability."" This affects Microsoft SharePoint. This CVE ID is unique from CVE-2018-8323.",,,
CVE-2018-8300,8.8,HIGH,2018-07-11T00:29:01.757,0.12755,0.95891,False,,,"A remote code execution vulnerability exists in Microsoft SharePoint when the software fails to check the source markup of an application package, aka ""Microsoft SharePoint Remote Code Execution Vulnerability."" This affects Microsoft SharePoint.",,,
CVE-2018-8323,5.4,MEDIUM,2018-07-11T00:29:02.367,0.02283,0.81512,False,,,"An elevation of privilege vulnerability exists when Microsoft SharePoint Server does not properly sanitize a specially crafted web request to an affected SharePoint server, aka ""Microsoft SharePoint Elevation of Privilege Vulnerability."" This affects Microsoft SharePoint. This CVE ID is unique from CVE-2018-8299.",,,
CVE-2018-8378,5.5,MEDIUM,2018-08-15T17:29:07.267,0.08247,0.94355,False,,,"An information disclosure vulnerability exists when Microsoft Office software reads out of bound memory due to an uninitialized variable, which could disclose the contents of memory, aka ""Microsoft Office Information Disclosure Vulnerability."" This affects Word, Microsoft SharePoint Server, Microsoft Office Word Viewer, Microsoft Excel Viewer, Microsoft SharePoint, Microsoft Office.",,,
CVE-2018-8426,5.4,MEDIUM,2018-09-13T00:29:02.943,0.02253,0.8126,False,,,"A cross-site-scripting (XSS) vulnerability exists when Microsoft SharePoint Server does not properly sanitize a specially crafted web request to an affected SharePoint server, aka ""Microsoft Office SharePoint XSS Vulnerability."" This affects Microsoft SharePoint Server, Microsoft SharePoint.",,,
CVE-2018-8428,5.4,MEDIUM,2018-09-13T00:29:03.053,0.01725,0.75357,False,,,"An elevation of privilege vulnerability exists when Microsoft SharePoint Server does not properly sanitize a specially crafted web request to an affected SharePoint server, aka ""Microsoft SharePoint Elevation of Privilege Vulnerability."" This affects Microsoft SharePoint. This CVE ID is unique from CVE-2018-8431.",,,
CVE-2018-8431,5.4,MEDIUM,2018-09-13T00:29:03.410,0.02253,0.8126,False,,,"An elevation of privilege vulnerability exists when Microsoft SharePoint Server does not properly sanitize a specially crafted web request to an affected SharePoint server, aka ""Microsoft SharePoint Elevation of Privilege Vulnerability."" This affects Microsoft SharePoint Server, Microsoft SharePoint. This CVE ID is unique from CVE-2018-8428.",,,
CVE-2018-8480,5.4,MEDIUM,2018-10-10T13:29:03.010,0.02266,0.81361,False,,,"An elevation of privilege vulnerability exists when Microsoft SharePoint Server does not properly sanitize a specially crafted web request to an affected SharePoint server, aka ""Microsoft SharePoint Elevation of Privilege Vulnerability."" This affects Microsoft SharePoint. This CVE ID is unique from CVE-2018-8488, CVE-2018-8498, CVE-2018-8518.",,,
CVE-2018-8488,5.4,MEDIUM,2018-10-10T13:29:03.540,0.02266,0.81362,False,,,"An elevation of privilege vulnerability exists when Microsoft SharePoint Server does not properly sanitize a specially crafted web request to an affected SharePoint server, aka ""Microsoft SharePoint Elevation of Privilege Vulnerability."" This affects Microsoft SharePoint. This CVE ID is unique from CVE-2018-8480, CVE-2018-8498, CVE-2018-8518.",,,
CVE-2018-8498,5.4,MEDIUM,2018-10-10T13:29:04.510,0.02266,0.81361,False,,,"An elevation of privilege vulnerability exists when Microsoft SharePoint Server does not properly sanitize a specially crafted web request to an affected SharePoint server, aka ""Microsoft SharePoint Elevation of Privilege Vulnerability."" This affects Microsoft SharePoint. This CVE ID is unique from CVE-2018-8480, CVE-2018-8488, CVE-2018-8518.",,,
CVE-2018-8504,8.8,HIGH,2018-10-10T13:29:05.087,0.18674,0.96987,False,,,"A remote code execution vulnerability exists in Microsoft Word software when the software fails to properly handle objects in Protected View, aka ""Microsoft Word Remote Code Execution Vulnerability."" This affects Microsoft SharePoint Server, Office 365 ProPlus, Microsoft Office, Microsoft Word.",,,
CVE-2018-8518,5.4,MEDIUM,2018-10-10T13:29:05.917,0.02715,0.84599,False,,,"An elevation of privilege vulnerability exists when Microsoft SharePoint Server does not properly sanitize a specially crafted web request to an affected SharePoint server, aka ""Microsoft SharePoint Elevation of Privilege Vulnerability."" This affects Microsoft SharePoint. This CVE ID is unique from CVE-2018-8480, CVE-2018-8488, CVE-2018-8498.",,,
CVE-2018-8539,7.8,HIGH,2018-11-14T01:29:00.770,0.19059,0.97039,False,,,"A remote code execution vulnerability exists in Microsoft Word software when it fails to properly handle objects in memory, aka ""Microsoft Word Remote Code Execution Vulnerability."" This affects Microsoft SharePoint Server, Microsoft Office. This CVE ID is unique from CVE-2018-8573.",,,
CVE-2018-8558,6.5,MEDIUM,2018-11-14T01:29:01.363,0.05585,0.92137,False,,,"An information disclosure vulnerability exists when Microsoft Outlook fails to respect ""Default link type"" settings configured via the SharePoint Online Admin Center, aka ""Microsoft Outlook Information Disclosure Vulnerability."" This affects Office 365 ProPlus, Microsoft Office. This CVE ID is unique from CVE-2018-8579.",,,
CVE-2018-8568,5.4,MEDIUM,2018-11-14T01:29:01.613,0.02257,0.8129,False,,,"An elevation of privilege vulnerability exists when Microsoft SharePoint Server does not properly sanitize a specially crafted web request to an affected SharePoint server, aka ""Microsoft SharePoint Elevation of Privilege Vulnerability."" This affects Microsoft SharePoint Server, Microsoft SharePoint. This CVE ID is unique from CVE-2018-8572.",,,
