cve_id,cvss_score,cvss_severity,published,description,epss_score,epss_percentile,kev_flag,kev_date_added,kev_ransomware_use,kev_vuln_name,kev_short_description,kev_required_action
CVE-2012-4287,5.0,MEDIUM,2012-08-16T10:38:08.437,epan/dissectors/packet-mongo.c in the MongoDB dissector in Wireshark 1.8.x before 1.8.2 allows remote attackers to cause a denial of service (loop and CPU consumption) via a small value for a BSON document length.,0.02449,0.8291,False,,,,,
CVE-2013-4650,6.5,MEDIUM,2013-07-04T14:33:41.667,MongoDB 2.4.x before 2.4.5 and 2.5.x before 2.5.1 allows remote authenticated users to obtain internal system privileges by leveraging a username of __system in an arbitrary database.,0.01653,0.74421,False,,,,,
CVE-2013-2132,4.3,MEDIUM,2013-08-15T17:55:24.500,"bson/_cbsonmodule.c in the mongo-python-driver (aka. pymongo) before 2.5.2, as used in MongoDB, allows context-dependent attackers to cause a denial of service (NULL pointer dereference and crash) via vectors related to decoding of an ""invalid DBRef.""",0.02633,0.84176,False,,,,,
CVE-2013-1892,6.0,MEDIUM,2013-10-01T20:55:03.513,"MongoDB before 2.0.9 and 2.2.x before 2.2.4 does not properly validate requests to the nativeHelper function in SpiderMonkey, which allows remote authenticated users to cause a denial of service (invalid memory access and server crash) or execute arbitrary code via a crafted memory address in the first argument.",0.44543,0.98652,False,,,,,
CVE-2013-3969,6.5,MEDIUM,2013-10-01T20:55:33.687,The find prototype in scripting/engine_v8.h in MongoDB 2.4.0 through 2.4.4 allows remote authenticated users to cause a denial of service (uninitialized pointer dereference and server crash) or possibly execute arbitrary code via an invalid RefDB object.,0.10112,0.95215,False,,,,,
CVE-2013-6384,1.9,LOW,2013-11-23T18:55:04.720,"(1) impl_db2.py and (2) impl_mongodb.py in OpenStack Ceilometer 2013.2 and earlier, when the logging level is set to INFO, logs the connection string from ceilometer.conf, which allows local users to obtain sensitive information (the DB2 or MongoDB password) by reading the log file.",0.0041,0.3398,False,,,,,
CVE-2012-6619,6.4,MEDIUM,2014-03-06T15:55:28.737,"The default configuration for MongoDB before 2.3.2 does not validate objects, which allows remote authenticated users to cause a denial of service (crash) or read system memory via a crafted BSON object in the column name in an insert command, which triggers a buffer over-read.",0.0382,0.8911,False,,,,,
CVE-2014-3971,5.0,MEDIUM,2014-12-25T11:59:00.037,The CmdAuthenticate::_authenticateX509 function in db/commands/authentication_commands.cpp in mongod in MongoDB 2.6.x before 2.6.2 allows remote attackers to cause a denial of service (daemon crash) by attempting authentication with an invalid X.509 client certificate.,0.01455,0.71107,False,,,,,
CVE-2015-1609,5.0,MEDIUM,2015-03-30T14:59:02.210,MongoDB before 2.4.13 and 2.6.x before 2.6.8 allows remote attackers to cause a denial of service via a crafted UTF-8 string in a BSON request.,0.02757,0.84929,False,,,,,
CVE-2015-5723,7.8,HIGH,2016-06-07T14:06:08.697,"Doctrine Annotations before 1.2.7, Cache before 1.3.2 and 1.4.x before 1.4.2, Common before 2.4.3 and 2.5.x before 2.5.1, ORM before 2.4.8 or 2.5.x before 2.5.1, MongoDB ODM before 1.0.2, and MongoDB ODM Bundle before 3.0.1 use world-writable permissions for cache directories, which allows local users to execute arbitrary PHP code with additional privileges by leveraging an application with the umask set to 0 and that executes cache entries as code.",0.00381,0.31119,False,,,,,
CVE-2016-6494,5.5,MEDIUM,2016-10-03T18:59:10.523,"The client in MongoDB uses world-readable permissions on .dbshell history files, which might allow local users to obtain sensitive information by reading these files.",0.00367,0.29628,False,,,,,
CVE-2016-3104,7.5,HIGH,2017-04-14T18:59:00.250,"mongod in MongoDB 2.6, when using 2.4-style users, and 2.4 allow remote attackers to cause a denial of service (memory consumption and process termination) by leveraging in-memory database representation when authenticating against a non-existent database.",0.02489,0.83184,False,,,,,
CVE-2014-8180,5.5,MEDIUM,2017-06-06T18:29:00.167,MongoDB on Red Hat Satellite 6 allows local users to bypass authentication by logging in with an empty password and delete information which can cause a Denial of Service.,0.00304,0.22892,False,,,,,
CVE-2017-14227,7.5,HIGH,2017-09-09T08:29:00.287,"In MongoDB libbson 1.7.0, the bson_iter_codewscope function in bson-iter.c miscalculates a bson_utf8_validate length argument, which allows remote attackers to cause a denial of service (heap-based buffer over-read in the bson_utf8_validate function in bson-utf8.c), as demonstrated by bson-to-json.c.",0.02797,0.85165,False,,,,,
CVE-2017-15535,9.1,CRITICAL,2017-11-01T01:29:00.637,"MongoDB 3.4.x before 3.4.10, and 3.5.x-development, has a disabled-by-default configuration setting, networkMessageCompressors (aka wire protocol compression), which exposes a vulnerability when enabled that could be exploited by a malicious attacker to deny service or modify memory.",0.01567,0.73104,False,,,,,
CVE-2018-9327,8.1,HIGH,2018-04-07T21:29:00.350,"Etherpad 1.5.x and 1.6.x before 1.6.4 allows an attacker to execute arbitrary code on the server. The instance has to be configured to use a document database (DirtyDB, CouchDB, MongoDB, or RethinkDB).",0.0158,0.73294,False,,,,,
CVE-2016-10572,8.1,HIGH,2018-05-31T20:29:02.517,"mongodb-instance before 0.0.3 installs mongodb locally. mongodb-instance downloads binary resources over HTTP, which leaves it vulnerable to MITM attacks. It may be possible to cause remote code execution (RCE) by swapping out the requested binary with an attacker controlled binary if the attacker is on the network or positioned in between the user and the remote server.",0.01682,0.74876,False,,,,,
CVE-2017-2665,4.8,MEDIUM,2018-07-06T13:29:00.217,The skyring-setup command creates random password for mongodb skyring database but it writes password in plain text to /etc/skyring/skyring.conf file which is owned by root but read by local user. Any local user who has access to system running skyring service will be able to get password in plain text.,0.00327,0.25429,False,,,,,
CVE-2018-13863,7.5,HIGH,2018-07-10T20:29:00.220,The MongoDB bson JavaScript module (also known as js-bson) versions 0.5.0 to 1.0.x before 1.0.5 is vulnerable to a Regular Expression Denial of Service (ReDoS) in lib/bson/decimal128.js. The flaw is triggered when the Decimal128.fromString() function is called to parse a long untrusted string.,0.01941,0.78311,False,,,,,
CVE-2018-3783,9.8,CRITICAL,2018-08-17T13:29:00.250,A privilege escalation detected in flintcms versions <= 1.1.9 allows account takeover due to blind MongoDB injection in password reset.,0.0379,0.89006,False,,,,,
CVE-2018-16790,8.1,HIGH,2018-09-10T05:29:00.250,"_bson_iter_next_internal in bson-iter.c in libbson 1.12.0, as used in MongoDB mongo-c-driver and other products, has a heap-based buffer over-read via a crafted bson buffer.",0.02137,0.80369,False,,,,,
CVE-2018-1784,7.1,HIGH,2018-12-20T14:29:00.510,IBM API Connect 5.0.0.0 and 5.0.8.4 is affected by a NoSQL Injection in MongoDB connector for the LoopBack framework. IBM X-Force ID: 148807.,0.01728,0.75513,False,,,,,
CVE-2019-4357,6.7,MEDIUM,2019-07-01T15:15:13.053,"When using IBM Spectrum Protect Plus 10.1.0, 10.1.2, and 10.1.3 to protect Oracle, DB2 or MongoDB databases, a redirected restore operation specifying a target path may allow execution of arbitrary code on the system. IBM X-Force ID: 161667,",0.00458,0.37734,False,,,,,
CVE-2019-4383,6.7,MEDIUM,2019-07-01T15:15:13.130,"When using IBM Spectrum Protect Plus 10.1.0, 10.1.2, and 10.1.3 to protect Oracle or MongoDB databases, a redirected restore operation may result in an escalation of user privileges. IBM X-Force ID: 162165.",0.00401,0.33145,False,,,,,
CVE-2015-7882,8.1,HIGH,2019-07-19T16:15:11.930,Improper handling of LDAP authentication in MongoDB Server versions 3.0.0 to 3.0.6 allows an unauthenticated client to gain unauthorized access.,0.01756,0.75916,False,,,,,
CVE-2017-18381,7.2,HIGH,2019-07-30T19:15:11.953,The installation process in Open edX before 2017-01-10 exposes a MongoDB instance to external connections with default credentials.,0.01165,0.64483,False,,,,,
CVE-2019-2386,7.1,HIGH,2019-08-06T19:15:13.613,"After user deletion in MongoDB Server the improper invalidation of authorization sessions allows an authenticated user's session to persist and become conflated with new accounts, if those accounts reuse the names of deleted ones. This issue affects MongoDB Server v4.0 versions prior to 4.0.9; MongoDB Server v3.6 versions prior to 3.6.13 and MongoDB Server v3.4 versions prior to 3.4.22.

Workaround: 
After deleting one or more users, restart any nodes which may have had active user authorization sessions.

Refrain from creating user accounts with the same name as previously deleted accounts.",0.01225,0.66105,False,,,,,
CVE-2019-2389,5.3,MEDIUM,2019-08-30T15:15:10.987,Incorrect scoping of kill operations in MongoDB Server's packaged SysV init scripts allow users with write access to the PID file to insert arbitrary PIDs to be killed when the root user stops the MongoDB process via SysV init. This issue affects MongoDB Server v4.0 versions prior to 4.0.11; MongoDB Server v3.6 versions prior to 3.6.14; MongoDB Server v3.4 versions prior to 3.4.22.,0.00305,0.23019,False,,,,,
CVE-2019-2390,8.2,HIGH,2019-08-30T15:15:11.050,An unprivileged user or program on Microsoft Windows which can create OpenSSL configuration files in a fixed location may cause utility programs shipped with MongoDB server to run attacker defined code as the user running the utility. This issue MongoDB Server v4.0 versions prior to 4.0.11; MongoDB Server v3.6 versions prior to 3.6.14 and MongoDB Server v3.4 prior to 3.4.22.,0.01011,0.60073,False,,,,,
CVE-2019-17426,9.1,CRITICAL,2019-10-10T02:05:46.833,"Automattic Mongoose through 5.7.4 allows attackers to bypass access control (in some applications) because any query object with a _bsontype attribute is ignored. For example, adding ""_bsontype"":""a"" can sometimes interfere with a query filter. NOTE: this CVE is about Mongoose's failure to work around this _bsontype special case that exists in older versions of the bson parser (aka the mongodb/js-bson project).",0.0166,0.74528,False,,,,,
CVE-2020-1929,7.5,HIGH,2020-01-15T19:15:13.923,The Apache Beam MongoDB connector in versions 2.10.0 to 2.16.0 has an option to disable SSL trust verification. However this configuration is not respected and the certificate verification disables trust verification in every case. This exclusion also gets registered globally which disables trust checking for any code running in the same JVM.,0.01025,0.6052,False,,,,,
CVE-2015-4411,7.5,HIGH,2020-02-20T17:15:12.680,The Moped::BSON::ObjecId.legal? method in mongodb/bson-ruby before 3.0.4 as used in rubygem-moped allows remote attackers to cause a denial of service (worker resource consumption) via a crafted string. NOTE: This issue is due to an incomplete fix to CVE-2015-4410.,0.06372,0.93024,False,,,,,
CVE-2019-2391,4.2,MEDIUM,2020-03-31T14:15:14.173,Incorrect parsing of certain JSON input may result in js-bson not correctly serializing BSON. This may cause unexpected application behaviour including data disclosure. This issue affects: MongoDB Inc. js-bson library version 1.1.3 and prior to.,0.00882,0.55979,False,,,,,
CVE-2020-7922,6.4,MEDIUM,2020-04-09T18:15:11.740,"X.509 certificates generated by the MongoDB Enterprise Kubernetes Operator may allow an attacker with access to the Kubernetes cluster improper access to MongoDB instances. Customers who do not use X.509 authentication, and those who do not use the Operator to generate their X.509 certificates are unaffected. This issue affects MongoDB Enterprise Kubernetes Operator version 1.0, MongoDB Enterprise Kubernetes Operator version 1.1, MongoDB Enterprise Kubernetes Operator version 1.2 versions prior to 1.2.4, MongoDB Enterprise Kubernetes Operator version 1.3 versions prior to 1.3.1, 1.2, 1.4 versions prior to 1.4.4.",0.00668,0.48721,False,,,,,
CVE-2020-7921,4.6,MEDIUM,2020-05-06T15:15:11.880,Improper serialization of internal state in the authorization subsystem in MongoDB Server's authorization subsystem permits a user with valid credentials to bypass IP whitelisting protection mechanisms following administrative action. This issue affects MongoDB Server v4.2 versions prior to 4.2.3; MongoDB Server v4.0 versions prior to 4.0.15; MongoDB Server v4.3 versions prior to 4.3.3and MongoDB Server v3.6 versions prior to 3.6.18.,0.0066,0.48379,False,,,,,
CVE-2019-2388,5.8,MEDIUM,2020-05-13T17:15:11.717,"In affected Ops Manager versions there is an exposed http route was that may allow attackers to view a specific access log of a publicly exposed Ops Manager instance. This issue affects: MongoDB Inc. MongoDB Ops Manager 4.0 versions 4.0.9, 4.0.10 and MongoDB Ops Manager 4.1 version 4.1.5.",0.00999,0.59669,False,,,,,
CVE-2020-2217,6.1,MEDIUM,2020-07-02T15:15:18.600,"Jenkins Compatibility Action Storage Plugin 1.0 and earlier does not escape the content coming from the MongoDB in the testConnection form validation endpoint, resulting in a reflected cross-site scripting (XSS) vulnerability.",0.00699,0.49913,False,,,,,
CVE-2020-7923,6.5,MEDIUM,2020-08-21T15:15:13.273,"A user authorized to perform database queries may cause denial of service by issuing specially crafted queries, which violate an invariant in the query subsystem's support for geoNear. This issue affects MongoDB Server v4.4 versions prior to 4.4.0-rc7; MongoDB Server v4.2 versions prior to 4.2.8 and MongoDB Server v4.0 versions prior to 4.0.19.",0.01275,0.67337,False,,,,,
CVE-2020-2267,4.3,MEDIUM,2020-09-16T14:15:14.063,A missing permission check in Jenkins MongoDB Plugin 1.3 and earlier allows attackers with Overall/Read permission to gain access to some metadata of any arbitrary files on the Jenkins controller.,0.00691,0.49628,False,,,,,
CVE-2020-2268,8.8,HIGH,2020-09-16T14:15:14.157,A cross-site request forgery (CSRF) vulnerability in Jenkins MongoDB Plugin 1.3 and earlier allows attackers to gain access to some metadata of any arbitrary files on the Jenkins controller.,0.00691,0.49607,False,,,,,
CVE-2020-26542,9.8,CRITICAL,2020-11-09T20:15:13.323,"An issue was discovered in the MongoDB Simple LDAP plugin through 2020-10-02 for Percona Server when using the SimpleLDAP authentication in conjunction with Microsoft’s Active Directory, Percona has discovered a flaw that would allow authentication to complete when passing a blank value for the account password, leading to access against the service integrated with which Active Directory is deployed at the level granted to the authenticating account.",0.01538,0.72629,False,,,,,
CVE-2020-7925,7.5,HIGH,2020-11-23T15:15:11.543,Incorrect validation of user input in the role name parser may lead to use of uninitialized memory allowing an unauthenticated attacker to use a specially crafted request to cause a denial of service. This issue affects MongoDB Server v4.4 versions prior to 4.4.0-rc12; MongoDB Server v4.2 versions prior to 4.2.9.,0.0166,0.74531,False,,,,,
CVE-2020-7926,6.5,MEDIUM,2020-11-23T15:15:11.667,A user authorized to perform database queries may cause denial of service by issuing a specially crafted query which violates an invariant in the server selection subsystem. This issue affects MongoDB Server v4.4 versions prior to 4.4.1. Versions before 4.4 are not affected.,0.01391,0.69879,False,,,,,
CVE-2018-20802,6.5,MEDIUM,2020-11-23T16:15:12.120,A user authorized to perform database queries may trigger denial of service by issuing specially crafted queries with compound indexes affecting QueryPlanner. This issue affects MongoDB Server v3.6 versions prior to 3.6.9 and MongoDB Server v4.0 versions prior to 4.0.3.,0.01462,0.71253,False,,,,,
CVE-2018-20804,6.5,MEDIUM,2020-11-23T16:15:12.197,A user authorized to perform database queries may trigger denial of service by issuing specially crafted applyOps invocations. This issue affects MongoDB Server v4.0 versions prior to 4.0.10 and MongoDB Server v3.6 versions prior to 3.6.13.,0.01233,0.66327,False,,,,,
CVE-2018-20805,6.5,MEDIUM,2020-11-23T16:15:12.277,"A user authorized to perform database queries may trigger denial of service by issuing specially crafted queries, which perform an $elemMatch . This issue affects MongoDB Server v4.0 versions prior to 4.0.5 and MongoDB Server v3.6 versions prior to 3.6.10.",0.01233,0.66327,False,,,,,
CVE-2019-20923,6.5,MEDIUM,2020-11-23T16:15:12.807,"A user authorized to perform database queries may trigger denial of service by issuing specially crafted queries, which throw unhandled Javascript exceptions containing types intended to be scoped to the Javascript engine's internals. This issue affects MongoDB Server v4.0 versions prior to 4.0.7.",0.01254,0.66798,False,,,,,
CVE-2019-20924,6.5,MEDIUM,2020-11-23T16:15:12.887,A user authorized to perform database queries may trigger denial of service by issuing specially crafted queries which trigger an invariant in the IndexBoundsBuilder. This issue affects MongoDB Server v4.2 versions prior to 4.2.2.,0.01282,0.67494,False,,,,,
CVE-2019-2392,6.5,MEDIUM,2020-11-23T16:15:12.963,"A user authorized to perform database queries may trigger denial of service by issuing specially crafted queries, which use the $mod operator to overflow negative values. This issue affects: MongoDB Inc. MongoDB Server v4.4 versions prior to 4.4.1; v4.2 versions prior to 4.2.9; v4.0 versions prior to 4.0.20; v3.6 versions prior to 3.6.20.",0.01246,0.66607,False,,,,,
CVE-2019-2393,6.5,MEDIUM,2020-11-23T16:15:13.027,"A user authorized to perform database queries may trigger denial of service by issuing specially crafted queries, which use $lookup and collations. This issue affects MongoDB Server v4.2 versions prior to 4.2.1; MongoDB Server v4.0 versions prior to 4.0.13 and MongoDB Server v3.6 versions prior to 3.6.15.",0.01233,0.66326,False,,,,,
CVE-2020-7928,6.5,MEDIUM,2020-11-23T17:15:12.797,A user authorized to perform database queries may trigger a read overrun and access arbitrary memory by issuing specially crafted queries. This issue affects MongoDB Server v4.4 versions prior to 4.4.1; MongoDB Server v4.2 versions prior to 4.2.9; MongoDB Server v4.0 versions prior to 4.0.20 and MongoDB Server v3.6 versions prior to 3.6.20.,0.01412,0.70291,False,,,,,
CVE-2018-20803,6.5,MEDIUM,2020-11-23T18:15:10.797,"A user authorized to perform database queries may trigger denial of service by issuing specially crafted queries, which loop indefinitely in mathematics processing while retaining locks. This issue affects MongoDB Server v4.0 versions prior to 4.0.5; MongoDB Server v3.6 versions prior to 3.6.10 and MongoDB Server v3.4 versions prior to 3.4.19.",0.01269,0.67189,False,,,,,
CVE-2020-7927,8.1,HIGH,2020-11-23T19:15:11.490,"Specially crafted API calls may allow an authenticated user who holds Organization Owner privilege to obtain an API key with Global Role privilege. This issue affects MongoDB Ops Manager v4.2 versions prior to and including 4.2.17, MongoDB Ops Manager v4.3 versions prior to and including 4.3.9 and MongoDB Ops Manager v4.4 versions prior to and including 4.4.2.",0.01032,0.60687,False,,,,,
CVE-2019-20925,7.5,HIGH,2020-11-24T11:15:10.607,"An unauthenticated client can trigger denial of service by issuing specially crafted wire protocol messages, which cause the message decompressor to incorrectly allocate memory. This issue affects MongoDB Server v4.2 versions prior to 4.2.1; MongoDB Server v4.0 versions prior to 4.0.13; MongoDB Server v3.6 versions prior to 3.6.15 and MongoDB Server v3.4 versions prior to 3.4.24.",0.01655,0.74455,False,,,,,
CVE-2020-35666,8.8,HIGH,2020-12-23T20:15:12.927,"Steedos Platform through 1.21.24 allows NoSQL injection because the /api/collection/findone implementation in server/packages/steedos_base.js mishandles req.body validation, as demonstrated by MongoDB operator attacks such as an X-User-Id[$ne]=1 value.",0.01073,0.61932,False,,,,,
CVE-2021-20335,6.7,MEDIUM,2021-02-11T10:15:12.223,"For MongoDB Ops Manager versions prior to and including 4.2.24 with multiple OM application servers, that have SSL turned on for their MongoDB processes, the upgrade to MongoDB Ops Manager versions prior to and including 4.4.12 triggers a bug where Automation thinks SSL is being turned off, and can disable SSL temporarily for members of the cluster. This issue is temporary and eventually corrects itself after MongoDB Ops Manager instances have finished upgrading to MongoDB Ops Manager 4.4. In addition, customers must be running with clientCertificateMode=OPTIONAL / allowConnectionsWithoutCertificates=true to be impacted*.* Customers upgrading from Ops Manager 4.2.X to 4.2.24 and finally to Ops Manager 4.4.13+ are unaffected by this issue.",0.00139,0.03737,False,,,,,
CVE-2021-20327,6.4,MEDIUM,2021-02-25T17:15:28.160,"A specific version of the Node.js mongodb-client-encryption module does not perform correct validation of the KMS server’s certificate. This vulnerability in combination with a privileged network position active MITM attack could result in interception of traffic between the Node.js driver and the KMS service rendering client-side field level encryption (CSFLE) ineffective. This issue was discovered during internal testing and affects mongodb-client-encryption module version 1.2.0, which was available from 2021-Jan-29 and deprecated in the NPM Registry on 2021-Feb-04. This vulnerability does not impact driver traffic payloads with CSFLE-supported key services from applications residing inside the AWS, GCP, and Azure nework fabrics due to compensating controls in these environments. This issue does not impact driver workloads that don’t use Field Level Encryption. This issue affect MongoDB Node.js Driver mongodb-client-encryption module version 1.2.0",0.00204,0.10623,False,,,,,
CVE-2020-7929,6.5,MEDIUM,2021-03-01T16:15:12.747,A user authorized to perform database queries may trigger denial of service by issuing specially crafted query contain a type of regex. This issue affects MongoDB Server v3.6 versions prior to 3.6.21 and MongoDB Server v4.0 versions prior to 4.0.20.,0.01289,0.67637,False,,,,,
CVE-2018-25004,4.9,MEDIUM,2021-03-01T17:15:11.717,A user authorized to performing a specific type of query may trigger a denial of service by issuing a generic explain command on a find query. This issue affects MongoDB Server v4.0 versions prior to 4.0.6 and MongoDB Server v3.6 versions prior to 3.6.11.,0.01004,0.5988,False,,,,,
CVE-2021-20334,4.8,MEDIUM,2021-04-06T17:15:12.603,A malicious 3rd party with local access to the Windows machine where MongoDB Compass is installed can execute arbitrary software with the privileges of the user who is running MongoDB Compass. This issue affects: MongoDB Inc. MongoDB Compass 1.x version 1.3.0 on Windows and later versions; 1.x versions prior to 1.25.0 on Windows.,0.00201,0.10166,False,,,,,
CVE-2020-7924,4.2,MEDIUM,2021-04-12T17:15:13.350,"Usage of specific command line parameter in MongoDB Tools which was originally intended to just skip hostname checks, may result in MongoDB skipping all certificate validation. This may result in accepting invalid certificates.This issue affects: MongoDB Inc. MongoDB Database Tools 3.6 versions later than 3.6.5; 3.6 versions prior to 3.6.21; 4.0 versions prior to 4.0.21; 4.2 versions prior to 4.2.11; 100 versions prior to 100.2.0. MongoDB Inc. Mongomirror 0 versions later than 0.6.0.",0.00691,0.49631,False,,,,,
CVE-2021-20326,6.5,MEDIUM,2021-04-30T09:15:07.597,A user authorized to performing a specific type of find query may trigger a denial of service. This issue affects MongoDB Server v4.4 versions prior to 4.4.4.,0.00948,0.58052,False,,,,,
CVE-2021-20331,4.2,MEDIUM,2021-05-13T08:15:06.557,"Specific versions of the MongoDB C# Driver may erroneously publish events containing authentication-related data to a command listener configured by an application. The published events may contain security-sensitive data when commands such as ""saslStart"", ""saslContinue"", ""isMaster"", ""createUser"", and ""updateUser"" are executed. Without due care, an application may inadvertently expose this authenticated-related information, e.g., by writing it to a log file. This issue only arises if an application enables the command listener feature (this is not enabled by default). This issue affects the MongoDB C# Driver v2.12 versions prior to and including 2.12.1.",0.00623,0.46791,False,,,,,
CVE-2020-4669,9.1,CRITICAL,2021-05-17T17:15:07.940,"IBM Planning Analytics Local 2.0 connects to a MongoDB server. MongoDB, a document-oriented database system, is listening on the remote port, and it is configured to allow connections without password authentication. A remote attacker can gain unauthorized access to the database. IBM X-Force ID: 184600.",0.01936,0.78243,False,,,,,
CVE-2021-20329,6.8,MEDIUM,2021-06-10T17:15:08.047,Specific cstrings input may not be properly validated in the MongoDB Go Driver when marshalling Go objects into BSON. A malicious user could use a Go object with specific string to potentially inject additional fields into marshalled documents. This issue affects all MongoDB GO Drivers prior to and including 1.5.0.,0.00961,0.58465,False,,,,,
CVE-2021-21422,8.1,HIGH,2021-06-21T19:15:07.947,"mongo-express is a web-based MongoDB admin interface, written with Node.js and express. 1: As mentioned in this issue: https://github.com/mongo-express/mongo-express/issues/577, when the content of a cell grows larger than supported size, clicking on a row will show full document unescaped, however this needs admin interaction on cell. 2: Data cells identified as media will be rendered as media, without being sanitized. Example of different renders: image, audio, video, etc. As an example of type 1 attack, an unauthorized user who only can send a large amount of data in a field of a document may use a payload with embedded javascript. This could send an export of a collection to the attacker without even an admin knowing. Other types of attacks such as dropping a database\collection are possible.",0.0157,0.73147,False,,,,,
CVE-2021-20333,5.3,MEDIUM,2021-07-23T12:15:08.453,Sending specially crafted commands to a MongoDB Server may result in artificial log entries being generated or for log entries to be split. This issue affects MongoDB Server v3.6 versions prior to 3.6.20; MongoDB Server v4.0 versions prior to 4.0.21 and MongoDB Server v4.2 versions prior to 4.2.10.,0.01273,0.67286,False,,,,,
CVE-2021-20332,4.2,MEDIUM,2021-08-02T13:15:07.633,"Specific MongoDB Rust Driver versions can include credentials used by the connection pool to authenticate connections in the monitoring event that is emitted when the pool is created. The user's logging infrastructure could then potentially ingest these events and unexpectedly leak the credentials. Note that such monitoring is not enabled by default. This issue affects MongoDB Rust Driver version 2.0.0-alpha, MongoDB Rust Driver version 2.0.0-alpha1 and MongoDB Rust Driver version 1.0.0 through to and including 1.2.1",0.00308,0.23303,False,,,,,
CVE-2021-39187,7.5,HIGH,2021-09-02T16:15:07.540,"Parse Server is an open source backend that can be deployed to any infrastructure that can run Node.js. Prior to version 4.10.3, Parse Server crashes when if a query request contains an invalid value for the `explain` option. This is due to a bug in the MongoDB Node.js driver which throws an exception that Parse Server cannot catch. There is a patch for this issue in version 4.10.3. No workarounds aside from upgrading are known to exist.",0.01819,0.76789,False,,,,,
CVE-2021-32037,6.5,MEDIUM,2021-11-24T16:15:13.593,"An authorized user may trigger an invariant which may result in denial of service or server exit if a relevant aggregation request is sent to a shard. Usually, the requests are sent via mongos and special privileges are required in order to know the address of the shards and to log in to the shards of an auth enabled environment. This issue affects MongoDB Server v5.0 versions prior to and including 5.0.2.",0.01181,0.64933,False,,,,,
CVE-2021-20330,6.5,MEDIUM,2021-12-15T13:15:07.633,"An attacker with basic CRUD permissions on a replicated collection can run the applyOps command with specially malformed oplog entries, resulting in a potential denial of service on secondaries. This issue affects MongoDB Server v4.0 versions prior to 4.0.27; MongoDB Server v4.2 versions prior to 4.2.16; MongoDB Server v4.4 versions prior to 4.4.9.",0.01037,0.60875,False,,,,,
CVE-2021-32039,5.5,MEDIUM,2022-01-20T15:15:07.893,Users with appropriate file access may be able to access unencrypted user credentials saved by MongoDB Extension for VS Code in a binary file. These credentials may be used by malicious attackers to perform unauthorized actions. This vulnerability affects all MongoDB Extension for VS Code including and prior to version 0.7.0,0.0028,0.20322,False,,,,,
CVE-2021-32036,5.4,MEDIUM,2022-02-04T23:15:11.490,An authenticated user without any specific authorizations may be able to repeatedly invoke the features command where at a high volume may lead to resource depletion or generate high lock contention. This may result in denial of service and in rare cases could result in id field collisions. This issue affects MongoDB Server v5.0 versions prior to and including 5.0.3; MongoDB Server v4.4 versions prior to and including 4.4.9; MongoDB Server v4.2 versions prior to and including 4.2.16 and MongoDB Server v4.0 versions prior to and including 4.0.28,0.01034,0.60805,False,,,,,
CVE-2022-24760,10.0,CRITICAL,2022-03-12T00:15:08.593,"Parse Server is an open source http web server backend. In versions prior to 4.10.7 there is a Remote Code Execution (RCE) vulnerability in Parse Server. This vulnerability affects Parse Server in the default configuration with MongoDB. The main weakness that leads to RCE is the Prototype Pollution vulnerable code in the file `DatabaseController.js`, so it is likely to affect Postgres and any other database backend as well. This vulnerability has been confirmed on Linux (Ubuntu) and Windows. Users are advised to upgrade as soon as possible. The only known workaround is to manually patch your installation with code referenced at the source GHSA-p6h4-93qp-jhcm.",0.49081,0.98777,False,,,,,
CVE-2021-32040,6.5,MEDIUM,2022-04-12T15:15:07.707,"It may be possible to have an extremely long aggregation pipeline in conjunction with a specific stage/operator and cause a stack overflow due to the size of the stack frames used by that stage. If an attacker could cause such an aggregation to occur, they could maliciously crash MongoDB in a DoS attack. This vulnerability affects MongoDB Server v4.4 versions prior to and including 4.4.28, MongoDB Server v5.0 versions prior to 5.0.4 and MongoDB Server v4.2 versions prior to 4.2.16.

Workaround: >= v4.2.16 users and all v4.4 users can add the --setParameter internalPipelineLengthLimit=50 instead of the default 1000 to mongod at startup to prevent a crash.",0.02018,0.79176,False,,,,,
CVE-2022-24272,6.5,MEDIUM,2022-04-21T11:15:08.273,"An authenticated user may trigger an invariant assertion during command dispatch due to incorrect validation on the $external database. This may result in mongod denial of service or server crash. This issue affects: MongoDB Inc. MongoDB Server v5.0 versions, prior to and including v5.0.6.",0.00889,0.56177,False,,,,,
CVE-2022-22980,9.8,CRITICAL,2022-06-23T17:15:12.120,A Spring Data MongoDB application is vulnerable to SpEL Injection when using @Query or @Aggregation-annotated query methods with SpEL expressions that contain query parameter placeholders for value binding if the input is not sanitized.,0.16771,0.96751,False,,,,,
CVE-2022-34770,4.6,MEDIUM,2022-08-22T15:15:16.087,"Tabit - sensitive information disclosure. Several APIs on the web system display, without authorization, sensitive information such as health statements, previous bills in a specific restaurant, alcohol consumption and smoking habits. Each of the described API’s, has in its URL one or more MongoDB ID which is not so simple to enumerate. However, they each receive a ‘tiny URL’ in Tabit’s domain, in the form of https://tbit.be/{suffix} with suffix being a 5 characters long string containing numbers, lower- and upper-case letters. It is not so simple to enumerate them all, but really easy to find some that work and lead to a personal endpoint. This is both an example of OWASP: API4 - rate limiting and OWASP: API1 - Broken object level authorization. Furthermore, the redirect URL disclosed the MongoDB IDs discussed above, and we could use them to query other endpoints disclosing more personal information. For example: The URL https://tabitisrael.co.il/online-reservations/health-statement?orgId={org_id}&healthStatementId={health_statement_id} is used to invite friends to fill a health statement before attending the restaurant. We can use the health_statement_id to access the https://tgm-api.tabit.cloud/health-statement/{health_statement_id} API which disclose medical information as well as id number.",0.00398,0.32832,False,,,,,
CVE-2022-34775,6.3,MEDIUM,2022-08-22T15:15:16.347,"Tabit - Excessive data exposure. Another endpoint mapped by the tiny url, was one for reservation cancellation, containing the MongoDB ID of the reservation, and organization. This can be used to query the http://tgm-api.tabit.cloud/rsv/management/{reservationId}?organization={orgId} API which returns a lot of data regarding the reservation (OWASP: API3): Name, mail, phone number, the number of visits of the user to this specific restaurant, the money he spent there, the money he spent on alcohol, whether he left a deposit etc. This information can easily be used for a phishing attack.",0.00413,0.34218,False,,,,,
CVE-2022-34776,5.5,MEDIUM,2022-08-22T15:15:16.423,"Tabit - giftcard stealth. Several APIs on the web system display, without authorization, sensitive information such as health statements, previous bills in a specific restaurant, alcohol consumption and smoking habits. Each of the described APIs, has in its URL one or more MongoDB ID which is not so simple to enumerate. However, they each receive a 'tiny URL' in tabits domain, in the form of https://tbit.be/{suffix} with suffix being a 5 character long string containing numbers, lower and upper case letters. It is not so simple to enumerate them all, but really easy to find some that work and lead to a personal endpoint. Furthermore, the redirect URL disclosed the MongoDB IDs discussed above, and we could use them to query other endpoints disclosing more personal information.",0.00461,0.37909,False,,,,,
CVE-2022-36045,9.0,CRITICAL,2022-08-31T15:15:08.857,"NodeBB Forum Software is powered by Node.js and supports either Redis, MongoDB, or a PostgreSQL database. It utilizes web sockets for instant interactions and real-time notifications. `utils.generateUUID`, a helper function available in essentially all versions of NodeBB (as far back as v1.0.1 and potentially earlier) used a cryptographically insecure Pseudo-random number generator (`Math.random()`), which meant that a specially crafted script combined with multiple invocations of the password reset functionality could enable an attacker to correctly calculate the reset code for an account they do not have access to. This vulnerability impacts all installations of NodeBB. The vulnerability allows for an attacker to take over any account without the involvement of the victim, and as such, the remediation should be applied immediately (either via NodeBB upgrade or cherry-pick of the specific changeset. The vulnerability has been patched in version 2.x and 1.19.x. There is no known workaround, but the patch sets listed above will fully patch the vulnerability.",0.01073,0.61942,False,,,,,
CVE-2022-36076,8.8,HIGH,2022-09-02T13:15:08.847,"NodeBB Forum Software is powered by Node.js and supports either Redis, MongoDB, or a PostgreSQL database. Due to an unnecessarily strict conditional in the code handling the first step of the SSO process, the pre-existing logic that added (and later checked) a nonce was inadvertently rendered opt-in instead of opt-out. This re-exposed a vulnerability in that a specially crafted Man-in-the-Middle (MITM) attack could theoretically take over another user account during the single sign-on process. The issue has been fully patched in version 1.17.2.",0.00469,0.3842,False,,,,,
CVE-2022-32218,4.3,MEDIUM,2022-09-23T19:15:11.670,"An information disclosure vulnerability exists in Rocket.Chat <v5, <v4.8.2 and <v4.7.5 due to the actionLinkHandler method was found to allow Message ID Enumeration with Regex MongoDB queries.",0.00719,0.50651,False,,,,,
CVE-2022-32226,4.3,MEDIUM,2022-09-23T19:15:11.823,"An improper access control vulnerability exists in Rocket.Chat <v5, <v4.8.2 and <v4.7.5 due to input data in the getUsersOfRoom Meteor server method is not type validated, so that MongoDB query operator objects are accepted by the server, so that instead of a matching rid String a$regex query can be executed, bypassing the room access permission check for every but the first matching room.",0.00683,0.49315,False,,,,,
CVE-2022-32228,4.3,MEDIUM,2022-09-23T19:15:11.933,"An information disclosure vulnerability exists in Rocket.Chat <v5, <v4.8.2 and <v4.7.5 since the getReadReceipts Meteor server method does not properly filter user inputs that are passed to MongoDB queries, allowing $regex queries to enumerate arbitrary Message IDs.",0.00729,0.51009,False,,,,,
CVE-2022-39267,8.8,HIGH,2022-10-19T13:15:08.753,"Bifrost is a heterogeneous middleware that synchronizes MySQL, MariaDB to Redis, MongoDB, ClickHouse, MySQL and other services for production environments. Versions prior to 1.8.8-release are subject to authentication bypass in the admin and monitor user groups by deleting the X-Requested-With: XMLHttpRequest field in the request header. This issue has been patched in 1.8.8-release. There are no known workarounds.",0.00748,0.51654,False,,,,,
CVE-2022-39396,9.8,CRITICAL,2022-11-10T01:15:10.253,"Parse Server is an open source backend that can be deployed to any infrastructure that can run Node.js. Versions prior to 4.10.18, and prior to 5.3.1 on the 5.X branch, are vulnerable to Remote Code Execution via prototype pollution. An attacker can use this prototype pollution sink to trigger a remote code execution through the MongoDB BSON parser. This issue is patched in version 5.3.1 and in 4.10.18. There are no known workarounds.",0.38717,0.98448,False,,,,,
CVE-2022-48282,6.6,MEDIUM,2023-02-21T19:15:10.827,"Under very specific circumstances (see Required configuration section below), a privileged user is able to cause arbitrary code to be executed which may cause further disruption to services. This is specific to applications written in C#. This affects all MongoDB .NET/C# Driver versions prior to and including v2.18.0

Following configuration must be true for the vulnerability to be applicable:  *  Application must written in C# taking arbitrary data from users and serializing data using _t without any validation AND
  *  Application must be running on a Windows host using the full .NET Framework, not .NET Core AND
  *  Application must have domain model class with a property/field explicitly of type System.Object or a collection of type System.Object (against MongoDB best practice) AND
  *  Malicious attacker must have unrestricted insert access to target database to add a _t discriminator.""Following configuration must be true for the vulnerability to be applicable



",0.01379,0.69642,False,,,,,
CVE-2022-41331,9.8,CRITICAL,2023-04-11T17:15:07.437,"A missing authentication for critical function vulnerability [CWE-306] in FortiPresence infrastructure server before version 1.2.1 allows a remote, unauthenticated attacker to access the Redis and MongoDB instances via crafted authentication requests.",0.01275,0.67337,False,,,,,
CVE-2023-0342,3.1,LOW,2023-06-09T09:15:09.383,MongoDB Ops Manager Diagnostics Archive may not redact sensitive PEM key file password app settings. Archives do not include the PEM files themselves. This issue affects MongoDB Ops Manager v5.0 prior to 5.0.21 and MongoDB Ops Manager v6.0 prior to 6.0.12,0.00891,0.56235,False,,,,,
CVE-2023-36475,9.8,CRITICAL,2023-06-28T23:15:21.140,"Parse Server is an open source backend that can be deployed to any infrastructure that can run Node.js. Prior to versions 5.5.2 and 6.2.1, an attacker can use a prototype pollution sink to trigger a remote code execution through the MongoDB BSON parser. A patch is available in versions 5.5.2 and 6.2.1.",0.03203,0.87001,False,,,,,
CVE-2023-31997,9.0,CRITICAL,2023-07-01T00:15:10.337,"UniFi OS 3.1 introduces a misconfiguration on consoles running UniFi Network that allows users on a local network to access MongoDB. Applicable Cloud Keys that are both (1) running UniFi OS 3.1 and (2) hosting the UniFi Network application. ""Applicable Cloud Keys"" include the following: Cloud Key Gen2 and Cloud Key Gen2 Plus.

",0.00254,0.16968,False,,,,,
CVE-2023-4009,7.2,HIGH,2023-08-08T09:15:11.023,In MongoDB Ops Manager v5.0 prior to 5.0.22 and v6.0 prior to 6.0.17 it is possible for an authenticated user with project owner or project user admin access to generate an API key with the privileges of org owner resulting in privilege escalation.,0.00764,0.52199,False,,,,,
CVE-2023-1409,5.3,MEDIUM,2023-08-23T16:15:08.167,"If the MongoDB Server running on Windows or macOS is configured to use TLS with a specific set of configuration options that are already known to work securely in other platforms (e.g. Linux), it is possible that client certificate validation may not be in effect, potentially allowing client to establish a TLS connection with the server that supplies any certificate.

This issue affect all MongoDB Server v6.3 versions, MongoDB Server v5.0 versions v5.0.0 to v5.0.14 and all MongoDB Server v4.4 versions.",0.00367,0.29663,False,,,,,
CVE-2021-32050,4.2,MEDIUM,2023-08-29T16:15:08.423,"Some MongoDB Drivers may erroneously publish events containing authentication-related data to a command listener configured by an application. The published events may contain security-sensitive data when specific authentication-related commands are executed.

Without due care, an application may inadvertently expose this sensitive information, e.g., by writing it to a log file. This issue only arises if an application enables the command listener feature (this is not enabled by default).

This issue affects the MongoDB C Driver 1.0.0 prior to 1.17.7, MongoDB PHP Driver 1.0.0 prior to 1.9.2, MongoDB Swift Driver 1.0.0 prior to 1.1.1, MongoDB Node.js Driver 3.6 prior to 3.6.10, MongoDB Node.js Driver 4.0 prior to 4.17.0 and MongoDB Node.js Driver 5.0 prior to 5.8.0. This issue also affects users of the MongoDB C++ Driver dependent on the C driver 1.0.0 prior to 1.17.7 (C++ driver prior to 3.7.0).",0.00596,0.45453,False,,,,,
CVE-2023-43651,8.5,HIGH,2023-09-27T21:15:10.347,"JumpServer is an open source bastion host. An authenticated user can exploit a vulnerability in MongoDB sessions to execute arbitrary commands, leading to remote code execution. This vulnerability may further be leveraged to gain root privileges on the system. Through the WEB CLI interface provided by the koko component, a user logs into the authorized mongoDB database and exploits the MongoDB session to execute arbitrary commands. This vulnerability has been addressed in versions 2.28.20 and 3.7.1. Users are advised to upgrade. There are no known workarounds for this vulnerability.",0.01716,0.75372,False,,,,,
CVE-2023-0436,4.5,MEDIUM,2023-11-07T12:15:08.067,"The affected versions of MongoDB Atlas Kubernetes Operator may print sensitive information like GCP service account keys and API integration secrets while DEBUG mode logging is enabled. This issue affects MongoDB Atlas Kubernetes Operator versions: 1.5.0, 1.6.0, 1.6.1, 1.7.0.

Please note that this is reported on an EOL version of the product, and users are advised to upgrade to the latest supported version.
Required Configuration: 

DEBUG logging is not enabled by default, and must be configured by the end-user. To check the log-level of the Operator, review the flags passed in your deployment configuration (eg.  https://github.com/mongodb/mongodb-atlas-kubernetes/blob/main/config/manager/manager.yaml#L27 https://github.com/mongodb/mongodb-atlas-kubernetes/blob/main/config/manager/manager.yaml#L27 )

",0.00598,0.45595,False,,,,,
CVE-2023-0437,5.3,MEDIUM,2024-01-12T14:15:47.387,"When calling bson_utf8_validate on some inputs a loop with an exit condition that cannot be reached may occur, i.e. an infinite loop. This issue affects All MongoDB C Driver versions prior to versions 1.25.0.",0.01103,0.62799,False,,,,,
CVE-2024-24595,6.0,MEDIUM,2024-02-05T22:16:08.480,"Allegro AI’s open-source version of ClearML stores passwords in plaintext within the MongoDB instance, resulting in a compromised server leaking all user emails and passwords.
",0.00255,0.17103,False,,,,,
CVE-2024-1351,8.8,HIGH,2024-03-07T17:15:12.740,"Under certain configurations of --tlsCAFile and tls.CAFile, MongoDB Server may skip peer certificate validation which may result in untrusted connections to succeed. This may effectively reduce the security guarantees provided by TLS and open connections  that should have been closed due to failing certificate validation. This issue affects MongoDB Server v7.0 versions prior to and including 7.0.5, MongoDB Server v6.0 versions prior to and including 6.0.13, MongoDB Server v5.0 versions prior to and including 5.0.24 and MongoDB Server v4.4 versions prior to and including 4.4.28.

Required Configuration : A server process will allow incoming connections to skip peer certificate validation if the server process was started with TLS enabled (net.tls.mode set to allowTLS, preferTLS, or requireTLS) and without a net.tls.CAFile configured.",0.005,0.40342,False,,,,,
CVE-2024-26658,5.5,MEDIUM,2024-04-02T07:15:42.903,"In the Linux kernel, the following vulnerability has been resolved:

bcachefs: grab s_umount only if snapshotting

When I was testing mongodb over bcachefs with compression,
there is a lockdep warning when snapshotting mongodb data volume.

$ cat test.sh
prog=bcachefs

$prog subvolume create /mnt/data
$prog subvolume create /mnt/data/snapshots

while true;do
    $prog subvolume snapshot /mnt/data /mnt/data/snapshots/$(date +%s)
    sleep 1s
done

$ cat /etc/mongodb.conf
systemLog:
  destination: file
  logAppend: true
  path: /mnt/data/mongod.log

storage:
  dbPath: /mnt/data/

lockdep reports:
[ 3437.452330] ======================================================
[ 3437.452750] WARNING: possible circular locking dependency detected
[ 3437.453168] 6.7.0-rc7-custom+ #85 Tainted: G            E
[ 3437.453562] ------------------------------------------------------
[ 3437.453981] bcachefs/35533 is trying to acquire lock:
[ 3437.454325] ffffa0a02b2b1418 (sb_writers#10){.+.+}-{0:0}, at: filename_create+0x62/0x190
[ 3437.454875]
               but task is already holding lock:
[ 3437.455268] ffffa0a02b2b10e0 (&type->s_umount_key#48){.+.+}-{3:3}, at: bch2_fs_file_ioctl+0x232/0xc90 [bcachefs]
[ 3437.456009]
               which lock already depends on the new lock.

[ 3437.456553]
               the existing dependency chain (in reverse order) is:
[ 3437.457054]
               -> #3 (&type->s_umount_key#48){.+.+}-{3:3}:
[ 3437.457507]        down_read+0x3e/0x170
[ 3437.457772]        bch2_fs_file_ioctl+0x232/0xc90 [bcachefs]
[ 3437.458206]        __x64_sys_ioctl+0x93/0xd0
[ 3437.458498]        do_syscall_64+0x42/0xf0
[ 3437.458779]        entry_SYSCALL_64_after_hwframe+0x6e/0x76
[ 3437.459155]
               -> #2 (&c->snapshot_create_lock){++++}-{3:3}:
[ 3437.459615]        down_read+0x3e/0x170
[ 3437.459878]        bch2_truncate+0x82/0x110 [bcachefs]
[ 3437.460276]        bchfs_truncate+0x254/0x3c0 [bcachefs]
[ 3437.460686]        notify_change+0x1f1/0x4a0
[ 3437.461283]        do_truncate+0x7f/0xd0
[ 3437.461555]        path_openat+0xa57/0xce0
[ 3437.461836]        do_filp_open+0xb4/0x160
[ 3437.462116]        do_sys_openat2+0x91/0xc0
[ 3437.462402]        __x64_sys_openat+0x53/0xa0
[ 3437.462701]        do_syscall_64+0x42/0xf0
[ 3437.462982]        entry_SYSCALL_64_after_hwframe+0x6e/0x76
[ 3437.463359]
               -> #1 (&sb->s_type->i_mutex_key#15){+.+.}-{3:3}:
[ 3437.463843]        down_write+0x3b/0xc0
[ 3437.464223]        bch2_write_iter+0x5b/0xcc0 [bcachefs]
[ 3437.464493]        vfs_write+0x21b/0x4c0
[ 3437.464653]        ksys_write+0x69/0xf0
[ 3437.464839]        do_syscall_64+0x42/0xf0
[ 3437.465009]        entry_SYSCALL_64_after_hwframe+0x6e/0x76
[ 3437.465231]
               -> #0 (sb_writers#10){.+.+}-{0:0}:
[ 3437.465471]        __lock_acquire+0x1455/0x21b0
[ 3437.465656]        lock_acquire+0xc6/0x2b0
[ 3437.465822]        mnt_want_write+0x46/0x1a0
[ 3437.465996]        filename_create+0x62/0x190
[ 3437.466175]        user_path_create+0x2d/0x50
[ 3437.466352]        bch2_fs_file_ioctl+0x2ec/0xc90 [bcachefs]
[ 3437.466617]        __x64_sys_ioctl+0x93/0xd0
[ 3437.466791]        do_syscall_64+0x42/0xf0
[ 3437.466957]        entry_SYSCALL_64_after_hwframe+0x6e/0x76
[ 3437.467180]
               other info that might help us debug this:

[ 3437.469670] 2 locks held by bcachefs/35533:
               other info that might help us debug this:

[ 3437.467507] Chain exists of:
                 sb_writers#10 --> &c->snapshot_create_lock --> &type->s_umount_key#48

[ 3437.467979]  Possible unsafe locking scenario:

[ 3437.468223]        CPU0                    CPU1
[ 3437.468405]        ----                    ----
[ 3437.468585]   rlock(&type->s_umount_key#48);
[ 3437.468758]                                lock(&c->snapshot_create_lock);
[ 3437.469030]                                lock(&type->s_umount_key#48);
[ 3437.469291]   rlock(sb_writers#10);
[ 3437.469434]
                *** DEADLOCK ***

[ 3437.469
---truncated---",0.00148,0.04507,False,,,,,
CVE-2024-3371,7.1,HIGH,2024-04-24T17:15:47.230,"MongoDB Compass may accept and use insufficiently validated input from an untrusted external source. This may cause unintended application behavior, including data disclosure and enabling attackers to impersonate users. This issue affects MongoDB Compass versions 1.35.0 to 1.42.0.
",0.00231,0.14057,False,,,,,
CVE-2024-3372,7.5,HIGH,2024-05-14T16:17:31.343,"Improper validation of certain metadata input may result in the server not correctly serialising BSON. This can be performed pre-authentication and may cause unexpected application behavior including unavailability of serverStatus responses. This issue affects MongoDB Server v7.0 versions prior to 7.0.6, MongoDB Server v6.0 versions prior to 6.0.14 and MongoDB Server v.5.0 versions prior to 5.0.25.
",0.0055,0.43206,False,,,,,
CVE-2024-3374,5.3,MEDIUM,2024-05-14T16:17:31.850,"An unauthenticated user can trigger a fatal assertion in the server while generating ftdc diagnostic metrics due to attempting to build a BSON object that exceeds certain memory sizes. This issue affects MongoDB Server v5.0 versions prior to and including 5.0.16 and MongoDB Server v6.0 versions prior to and including 6.0.5.
",0.00457,0.37655,False,,,,,
CVE-2024-6375,5.4,MEDIUM,2024-07-01T15:15:17.430,"A command for refining a collection shard key is missing an authorization check. This may cause the command to run directly on a shard, leading to either degradation of query performance, or to revealing chunk boundaries through timing side channels. This affects MongoDB Server v5.0 versions, prior to 5.0.22, MongoDB Server v6.0 versions, prior to 6.0.11 and MongoDB Server v7.0 versions prior to 7.0.3.",0.00377,0.3066,False,,,,,
CVE-2024-6376,7.0,HIGH,2024-07-01T15:15:17.673,MongoDB Compass may be susceptible to code injection due to insufficient sandbox protection settings with the usage of ejson shell parser in Compass' connection handling. This issue affects MongoDB Compass versions prior to version 1.42.2,0.0042,0.34825,False,,,,,
CVE-2024-6381,4.0,MEDIUM,2024-07-02T18:15:03.963,The bson_strfreev function in the MongoDB C driver library may be susceptible to an integer overflow where the function will try to free memory at a negative offset. This may result in memory corruption. This issue affected libbson versions prior to 1.26.2,0.00392,0.32223,False,,,,,
CVE-2024-6382,6.4,MEDIUM,2024-07-02T18:15:04.337,Incorrect handling of certain string inputs may result in MongoDB Rust driver constructing unintended server commands. This may cause unexpected application behavior including data modification. This issue affects MongoDB Rust Driver 2.0 versions prior to 2.8.2,0.00277,0.19987,False,,,,,
CVE-2024-6383,5.3,MEDIUM,2024-07-03T22:15:03.240,The bson_string_append function in MongoDB C Driver may be vulnerable to a buffer overflow where the function might attempt to allocate too small of buffer and may lead to memory corruption of neighbouring heap memory. This issue affects libbson versions prior to 1.27.1,0.00625,0.46864,False,,,,,
CVE-2024-35143,6.7,MEDIUM,2024-08-04T13:15:57.480,"IBM Planning Analytics Local 2.0 and 2.1 connects to a MongoDB server. MongoDB, a document-oriented database system, is listening on the remote port, and it is configured to allow connections without password authentication. A remote attacker can gain unauthorized access to the database.  IBM X-Force ID:  292420.",0.0043,0.35648,False,,,,,
CVE-2024-7553,7.3,HIGH,2024-08-07T10:15:39.493,"Incorrect validation of files loaded from a local untrusted directory may allow local privilege escalation if the underlying operating systems is Windows. This may result in the application executing arbitrary behaviour determined by the contents of untrusted files. This issue affects MongoDB Server v5.0 versions prior to 5.0.27, MongoDB Server v6.0 versions prior to 6.0.16, MongoDB Server v7.0 versions prior to 7.0.12, MongoDB Server v7.3 versions prior 7.3.3, MongoDB C Driver versions prior to 1.26.2 and MongoDB PHP Driver versions prior to 1.18.1.

Required Configuration:

Only environments with Windows as the underlying operating system is affected by this issue",0.0026,0.1775,False,,,,,
CVE-2024-6384,5.3,MEDIUM,2024-08-13T15:15:18.567,"""Hot"" backup files may be downloaded by underprivileged users, if they are capable of acquiring a unique backup identifier. This issue affects MongoDB Enterprise Server v6.0 versions prior to 6.0.16, MongoDB Enterprise Server v7.0 versions prior to 7.0.11 and MongoDB Enterprise Server v7.3 versions prior to 7.3.3",0.00428,0.35465,False,,,,,
CVE-2024-8207,6.4,MEDIUM,2024-08-27T12:15:04.227,"In certain highly specific configurations of the host system and MongoDB server binary installation on Linux Operating Systems, it may be possible for a unintended actor with host-level access to cause the MongoDB Server binary to load unintended actor-controlled shared libraries when the server binary is started, potentially resulting in the unintended actor gaining full control over the MongoDB server process. This issue affects MongoDB Server v5.0 versions prior to 5.0.14 and MongoDB Server v6.0 versions prior to 6.0.3.

Required Configuration: Only environments with Linux as the underlying operating system is affected by this issue",0.00203,0.1055,False,,,,,
CVE-2024-8654,5.0,MEDIUM,2024-09-10T14:15:13.710,MongoDB Server may access non-initialized region of memory leading to unexpected behaviour when zero arguments are called in internal aggregation stage. This issue affected MongoDB Server v6.0 version 6.0.3.,0.00373,0.30265,False,,,,,
CVE-2024-20483,7.2,HIGH,2024-09-11T17:15:13.213,"Multiple vulnerabilities in Cisco Routed PON Controller Software, which runs as a docker container on hardware that is supported by Cisco IOS XR Software, could allow an authenticated, remote attacker with Administrator-level privileges on the PON Manager or direct access to the PON Manager MongoDB instance to perform command injection attacks on the PON Controller container and execute arbitrary commands as root.

These vulnerabilities are due to insufficient validation of arguments that are passed to specific configuration commands. An attacker could exploit these vulnerabilities by including crafted input as the argument of an affected configuration command. A successful exploit could allow the attacker to execute arbitrary commands as root on the PON controller.",0.01098,0.62696,False,,,,,
CVE-2024-20489,8.4,HIGH,2024-09-11T17:15:13.393,"A vulnerability in the storage method of the PON Controller configuration file could allow an authenticated, local attacker with low privileges to obtain the MongoDB credentials.

This vulnerability is due to improper storage of the unencrypted database credentials on the device that is running Cisco IOS XR Software. An attacker could exploit this vulnerability by accessing the configuration files on an affected system. A successful exploit could allow the attacker to view MongoDB credentials.",0.00144,0.04162,False,,,,,
CVE-2024-8305,6.5,MEDIUM,2024-10-21T15:15:04.030,"prepareUnique index may cause secondaries to crash due to incorrect enforcement of index constraints on secondaries, where in extreme cases may cause multiple secondaries crashing leading to no primaries. This issue affects MongoDB Server v6.0 versions prior to 6.0.17, MongoDB Server v7.0 versions prior to 7.0.13 and MongoDB Server v7.3 versions prior to 7.3.4",0.00594,0.45372,False,,,,,
CVE-2024-8013,2.2,LOW,2024-10-28T13:15:10.200,"A bug in query analysis of certain complex self-referential $lookup subpipelines may result in literal values in expressions for encrypted fields to be sent to the server as plaintext instead of ciphertext. Should this occur, no documents would be returned or written. This issue affects mongocryptd binary (v5.0 versions prior to 5.0.29, v6.0 versions prior to 6.0.17, v7.0 versions prior to 7.0.12 and v7.3 versions prior to 7.3.4) and mongo_crypt_v1.so shared libraries (v6.0 versions prior to 6.0.17, v7.0 versions prior to 7.0.12 and v7.3 versions prior to 7.3.4) released alongside MongoDB Enterprise Server versions.",0.0012,0.02154,False,,,,,
CVE-2024-10921,6.8,MEDIUM,2024-11-14T16:15:18.030,"An authorized user may trigger crashes or receive the contents of buffer over-reads of Server memory by issuing specially crafted requests that construct malformed BSON in the MongoDB Server. This issue affects MongoDB Server v5.0 versions prior to 5.0.30 , MongoDB Server v6.0 versions prior to 6.0.19, MongoDB Server v7.0 versions prior to 7.0.15 and MongoDB Server v8.0 versions prior to and including 8.0.2.",0.00537,0.42548,False,,,,,
CVE-2025-27097,7.5,HIGH,2025-02-20T21:15:26.227,"GraphQL Mesh is a GraphQL Federation framework and gateway for both GraphQL Federation and non-GraphQL Federation subgraphs, non-GraphQL services, such as REST and gRPC, and also databases such as MongoDB, MySQL, and PostgreSQL. When a user transforms on the root level or single source with transforms, and the client sends the same query with different variables, the initial variables are used in all following requests until the cache evicts DocumentNode. If a token is sent via variables, the following requests will act like the same token is sent even if the following requests have different tokens. This can cause a short memory leak but it won't grow per each request but per different operation until the cache evicts DocumentNode by LRU mechanism.",0.00417,0.34563,False,,,,,
CVE-2025-27098,5.8,MEDIUM,2025-02-20T21:15:26.370,"GraphQL Mesh is a GraphQL Federation framework and gateway for both GraphQL Federation and non-GraphQL Federation subgraphs, non-GraphQL services, such as REST and gRPC, and also databases such as MongoDB, MySQL, and PostgreSQL. Missing check vulnerability in the static file handler allows any client to access the files in the server's file system. When `staticFiles` is set in the `serve` settings in the configuration file, the following handler doesn't check if `absolutePath` is still under the directory provided as `staticFiles`. Users have two options to fix vulnerability; 1. Update `@graphql-mesh/cli` to a version higher than `0.82.21`, and if you use `@graphql-mesh/http`, update it to a version higher than `0.3.18` 2. Remove `staticFiles` option from the configuration, and use other solutions to serve static files.",0.00351,0.28015,False,,,,,
CVE-2025-1691,7.6,HIGH,2025-02-27T13:15:11.253,"The MongoDB Shell may be susceptible to control character injection where an attacker with control of the mongosh autocomplete feature, can use the autocompletion feature to input and run obfuscated malicious text. This requires user interaction in the form of the user using ‘tab’ to autocomplete text that is a prefix of the attacker’s prepared autocompletion. This issue affects mongosh versions prior to 2.3.9. 


The vulnerability is exploitable only when mongosh is connected to a cluster that is partially or fully controlled by an attacker.",0.003,0.22382,False,,,,,
CVE-2025-1692,6.3,MEDIUM,2025-02-27T13:15:11.413,The MongoDB Shell may be susceptible to control character injection where an attacker with control of the user’s clipboard could manipulate them to paste text into mongosh that evaluates arbitrary code. Control characters in the pasted text can be used to obfuscate malicious code. This issue affects mongosh versions prior to 2.3.9,0.00268,0.18869,False,,,,,
CVE-2025-1693,3.9,LOW,2025-02-27T13:15:11.563,"The MongoDB Shell may be susceptible to control character injection where an attacker with control over the database cluster contents can inject control characters into the shell output. This may result in the display of falsified messages that appear to originate from mongosh or the underlying operating system, potentially misleading users into executing unsafe actions.


The vulnerability is exploitable only when mongosh is connected to a cluster that is partially or fully controlled by an attacker.


This issue affects mongosh versions prior to 2.3.9",0.00202,0.10357,False,,,,,
CVE-2025-1755,7.5,HIGH,2025-02-27T16:15:39.137,"MongoDB Compass may be susceptible to local privilege escalation under certain conditions potentially enabling unauthorized actions on a user's system with elevated privileges, when a crafted file is stored in C:\node_modules\. This issue affects MongoDB Compass prior to 1.42.1",0.00144,0.04138,False,,,,,
CVE-2025-27017,6.5,MEDIUM,2025-03-12T17:15:50.327,"Apache NiFi 1.13.0 through 2.2.0 includes the username and password used to authenticate with MongoDB in the NiFi provenance events that MongoDB components generate during processing. An authorized user with read access to the provenance events of those processors may see the credentials information. Upgrading to Apache NiFi 2.3.0 is the recommended mitigation, which removes the credentials from provenance event records.",0.01204,0.65514,False,,,,,
CVE-2025-0755,8.4,HIGH,2025-03-18T09:15:11.487,"The various bson_append functions in the MongoDB C driver library may be susceptible to buffer overflow when performing operations that could result in a final BSON document which exceeds the maximum allowable size (INT32_MAX), resulting in a segmentation fault and possible application crash. This issue affected libbson versions prior to 1.27.5, MongoDB Server v8.0 versions prior to 8.0.1 and MongoDB Server v7.0 versions prior to 7.0.16",0.00734,0.51188,False,,,,,
CVE-2025-3082,3.1,LOW,2025-04-01T11:15:39.517,"A user authorized to access a view may be able to alter the intended collation, allowing them to access to a different or unintended view of underlying data. This issue affects MongoDB Server v5.0 version prior to 5.0.31, MongoDB Server v6.0 version prior to 6.0.20, MongoDB Server v7.0 version prior to 7.0.14 and MongoDB Server v7.3 versions prior to 7.3.4.",0.00182,0.08036,False,,,,,
CVE-2025-3083,7.5,HIGH,2025-04-01T12:15:15.883,"Specifically crafted MongoDB wire protocol messages can cause mongos to crash during command validation. This can occur without using an authenticated connection. This issue affects MongoDB v5.0 versions prior to 5.0.31,  MongoDB v6.0 versions prior to 6.0.20 and MongoDB v7.0 versions prior to 7.0.16",0.00414,0.34356,False,,,,,
CVE-2025-3084,6.5,MEDIUM,2025-04-01T12:15:16.037,"When run on commands with certain arguments set, explain may fail to validate these arguments before using them. This can lead to crashes in router servers. This affects MongoDB Server v5.0 prior to 5.0.31, MongoDB Server v6.0 prior to 6.0.20, MongoDB Server v7.0 prior to 7.0.16 and MongoDB Server v8.0 prior to 8.0.4",0.00396,0.32667,False,,,,,
CVE-2025-3085,8.1,HIGH,2025-04-01T12:15:16.187,"A MongoDB server under specific conditions running on Linux with TLS and CRL revocation status checking enabled, fails to check the revocation status of the intermediate certificates in the peer's certificate chain. In cases of MONGODB-X509, which is not enabled by default, this may lead to improper authentication. This issue may also affect intra-cluster authentication. This issue affects MongoDB Server v5.0 versions prior to 5.0.31, MongoDB Server v6.0 versions prior to 6.0.20, MongoDB Server v7.0 versions prior to 7.0.16 and MongoDB Server v8.0 versions prior to 8.0.4.
Required Configuration : MongoDB Server must be running on Linux Operating Systems and CRL revocation status checking must be enabled",0.00266,0.18438,False,,,,,
CVE-2025-40906,9.8,CRITICAL,2025-05-16T16:15:41.493,"BSON::XS versions 0.8.4 and earlier for Perl includes a bundled libbson 1.1.7, which has several vulnerabilities.

Those include CVE-2017-14227, CVE-2018-16790, CVE-2023-0437, CVE-2024-6381, CVE-2024-6383, and CVE-2025-0755. 

BSON-XS was the official Perl XS implementation of MongoDB's BSON serialization, but this distribution has reached its end of life as of August 13, 2020 and is no longer supported.",0.00567,0.44106,False,,,,,
CVE-2025-6706,5.0,MEDIUM,2025-06-26T14:15:35.157,"An authenticated user may trigger a use after free that may result in MongoDB Server crash and other unexpected behavior, even if the user does not have authorization to shut down a server.
The crash is triggered on affected versions by issuing an aggregation framework operation using a specific combination of rarely-used aggregation pipeline expressions. This issue affects MongoDB Server v6.0 version prior to 6.0.21, MongoDB Server v7.0 version prior to 7.0.17 and MongoDB Server v8.0 version prior to 8.0.4 when the SBE engine is enabled.",0.00219,0.12576,False,,,,,
CVE-2025-6707,4.2,MEDIUM,2025-06-26T14:15:35.313,"Under certain conditions, an authenticated user request may execute with stale privileges following an intentional change by an authorized administrator. This issue affects MongoDB Server v5.0 version prior to 5.0.31, MongoDB Server v6.0 version prior to 6.0.24, MongoDB Server v7.0 version prior to 7.0.21 and MongoDB Server v8.0 version prior to 8.0.5.",0.00147,0.04406,False,,,,,
CVE-2025-6709,7.5,HIGH,2025-06-26T14:15:35.463,"The MongoDB Server is susceptible to a denial of service vulnerability due to improper handling of specific date values in JSON input when using OIDC authentication. This can be reproduced using the mongo shell to send a malicious JSON payload leading to an invariant failure and server crash. This issue affects MongoDB Server v7.0 versions prior to 7.0.17 and MongoDB Server v8.0 versions prior to 8.0.5.

The same issue affects MongoDB Server v6.0 versions prior to 6.0.21, but an attacker can only induce denial of service after authenticating.",0.00489,0.39734,False,,,,,
CVE-2025-6710,7.5,HIGH,2025-06-26T14:15:35.613,"MongoDB Server may be susceptible to stack overflow due to JSON parsing mechanism, where specifically crafted JSON inputs may induce unwarranted levels of recursion, resulting in excessive stack space consumption. Such inputs can lead to a stack overflow that causes the server to crash which could occur pre-authorisation. This issue affects MongoDB Server v7.0 versions prior to 7.0.17 and MongoDB Server v8.0 versions prior to 8.0.5.

The same issue affects MongoDB Server v6.0 versions prior to 6.0.21, but an attacker can only induce denial of service after authenticating.",0.00307,0.23164,False,,,,,
CVE-2025-6711,4.4,MEDIUM,2025-07-07T15:15:28.703,"An issue has been identified in MongoDB Server where unredacted queries may inadvertently appear in server logs when certain error conditions are encountered. This issue affects MongoDB Server v8.0 versions prior to 8.0.5, MongoDB Server v7.0 versions prior to 7.0.18 and MongoDB Server v6.0 versions prior to 6.0.21.",0.00239,0.15046,False,,,,,
CVE-2025-6712,6.5,MEDIUM,2025-07-07T15:15:28.890,"MongoDB Server may be susceptible to disruption caused by high memory usage, potentially leading to server crash. This condition is linked to inefficiencies in memory management related to internal operations. In scenarios where certain internal processes persist longer than anticipated, memory consumption can increase, potentially impacting server stability and availability. This issue affects MongoDB Server v8.0 versions prior to 8.0.10",0.00282,0.20581,False,,,,,
CVE-2025-6713,7.7,HIGH,2025-07-07T15:15:29.090,"An unauthorized user may leverage a specially crafted aggregation pipeline to access data without proper authorization due to improper handling of the $mergeCursors stage in MongoDB Server. This may lead to access to data without further authorisation. This issue affects MongoDB Server MongoDB Server v8.0 versions prior to 8.0.7, MongoDB Server v7.0 versions prior to 7.0.19 and MongoDB Server v6.0 versions prior to 6.0.22",0.00343,0.27218,False,,,,,
CVE-2025-6714,7.5,HIGH,2025-07-07T15:15:29.263,"MongoDB Server's mongos component can become unresponsive to new connections due to incorrect handling of incomplete data. This affects MongoDB when configured with load balancer support. This issue affects MongoDB Server v6.0 prior to 6.0.23, MongoDB Server v7.0 prior to 7.0.20 and MongoDB Server v8.0 prior to 8.0.9

Required Configuration:

This affects MongoDB sharded clusters when configured with load balancer support for mongos using HAProxy on specified ports.",0.00307,0.23204,False,,,,,
CVE-2025-7259,6.5,MEDIUM,2025-07-07T16:15:30.440,"An authorized user can issue queries with duplicate _id fields, that leads to unexpected behavior in MongoDB Server, which may result to crash. This issue can only be triggered by authorized users and cause Denial of Service. This issue affects MongoDB Server v8.1 version 8.1.0.",0.00282,0.20582,False,,,,,
CVE-2025-54428,9.8,CRITICAL,2025-07-28T21:15:27.327,"RevelaCode is an AI-powered faith-tech project that decodes biblical verses, prophecies and global events into accessible language. In versions below 1.0.1, a valid MongoDB Atlas URI with embedded username and password was accidentally committed to the public repository. This could allow unauthorized access to production or staging databases, potentially leading to data exfiltration, modification, or deletion. This is fixed in version 1.0.1. Workarounds include: immediately rotating credentials for the exposed database user, using a secret manager (like Vault, Doppler, AWS Secrets Manager, etc.) instead of storing secrets directly in code, or auditing recent access logs for suspicious activity.",0.00464,0.38128,False,,,,,
CVE-2025-10059,6.5,MEDIUM,2025-09-05T21:15:34.773,"An improper setting of the lsid field on any sharded query can cause a crash in MongoDB routers. This issue occurs when a generic argument (lsid) is provided in a case when it is not applicable. This affects MongoDB Server v6.0 versions prior to 6.0.x, MongoDB Server v7.0 versions prior to 7.0.18 and MongoDB Server v8.0 versions prior to 8.0.6.",0.00272,0.19423,False,,,,,
CVE-2025-10060,6.5,MEDIUM,2025-09-05T21:15:34.980,"MongoDB Server may allow upsert operations retried within a transaction to violate unique index constraints, potentially causing an invariant failure and server crash during commit. This issue may be triggered by improper WriteUnitOfWork state management.  This issue affects MongoDB Server v6.0 versions prior to 6.0.25, MongoDB Server v7.0 versions prior to 7.0.22 and MongoDB Server v8.0 versions prior to 8.0.12",0.00327,0.25374,False,,,,,
CVE-2025-10061,6.5,MEDIUM,2025-09-05T21:15:35.163,"An authorized user can cause a crash in the MongoDB Server through a specially crafted $group query. This vulnerability is related to the incorrect handling of certain accumulator functions when additional parameters are specified within the $group operation. This vulnerability could lead to denial of service if triggered repeatedly. This issue affects MongoDB Server v6.0 versions prior to 6.0.25, MongoDB Server v7.0 versions prior to 7.0.22, MongoDB Server v8.0 versions prior to 8.0.12 and MongoDB Server v8.1 versions prior to 8.1.2",0.0031,0.23479,False,,,,,
CVE-2025-10491,7.8,HIGH,2025-09-15T16:15:36.920,"The MongoDB Windows installation MSI may leave ACLs unset on custom installation directories allowing a local attacker to introduce executable code to MongoDB's process via DLL hijacking. This issue affects MongoDB Server v6.0 version prior to 6.0.25, MongoDB Server v7.0 version prior to 7.0.21 and MongoDB Server v8.0 version prior to 8.0.5",0.00111,0.01521,False,,,,,
CVE-2025-34227,8.8,HIGH,2025-09-25T17:15:38.467,"Nagios XI < 2026R1 is vulnerable to an authenticated command injection vulnerability within the MongoDB Database, MySQL Query, MySQL Server, Postgres Server, and Postgres Query wizards. It is possible to inject shell characters into arguments provided to the service and execute arbitrary system commands on the underlying host as the `nagios` user.",0.24251,0.97655,False,,,,,
CVE-2025-11535,,,2025-10-08T22:15:32.557,MongoDB Connector for BI installation via MSI on Windows leaves ACLs unset on custom install directories allows Privilege Escalation.This issue affects MongoDB Connector for BI: from 2.0.0 through 2.14.24.,0.00114,0.01688,False,,,,,
CVE-2025-11695,8.0,HIGH,2025-10-13T17:15:34.190,"When tlsInsecure=False appears in a connection string, certificate validation is disabled.

This vulnerability affects MongoDB Rust Driver versions prior to v3.2.5",0.00165,0.06088,False,,,,,
CVE-2025-62419,7.5,HIGH,2025-10-17T18:15:37.310,"DataEase is a data visualization and analytics platform. In DataEase versions through 2.10.13, a JDBC URL injection vulnerability exists in the DB2 and MongoDB data source configuration handlers. In the DB2 data source handler, when the extraParams field is empty, the HOSTNAME, PORT, and DATABASE values are directly concatenated into the JDBC URL without filtering illegal parameters. This allows an attacker to inject a malicious JDBC string into the HOSTNAME field to bypass previously patched vulnerabilities CVE-2025-57773 and CVE-2025-58045. The vulnerability is fixed in version 2.10.14. No known workarounds exist.",0.00402,0.33265,False,,,,,
CVE-2025-11979,5.3,MEDIUM,2025-10-20T18:15:38.100,"An authorized user may crash the MongoDB server by causing buffer over-read. This can be done by issuing a DDL operation while queries are being issued, under some conditions. This issue affects MongoDB Server v7.0 versions prior to 7.0.25, MongoDB Server v8.0 versions prior to 8.0.15, and MongoDB Server version 8.2.0.",0.00251,0.16648,False,,,,,
CVE-2025-61301,7.5,HIGH,2025-10-20T21:15:38.203,"Denial-of-analysis in reporting/mongodb.py and reporting/jsondump.py in CAPEv2 (commit 52e4b43, on 2025-05-17) allows attackers who can submit samples to cause incomplete or missing behavioral analysis reports by generating deeply nested or oversized behavior data that trigger MongoDB BSON limits or orjson recursion errors when the sample executes in the sandbox.",0.00331,0.2583,False,,,,,
CVE-2025-11575,7.8,HIGH,2025-10-23T01:15:37.310,Incorrect Default Permissions vulnerability in MongoDB Atlas SQL ODBC driver on Windows allows Privilege Escalation.This issue affects MongoDB Atlas SQL ODBC driver: from 1.0.0 through 2.0.0.,0.00125,0.02609,False,,,,,
CVE-2025-12100,7.8,HIGH,2025-10-23T21:15:41.060,Incorrect Default Permissions vulnerability in MongoDB BI Connector ODBC driver allows Privilege Escalation.This issue affects BI Connector ODBC driver: from 1.0.0 through 1.4.6.,0.00126,0.02637,False,,,,,
CVE-2025-64502,,,2025-11-10T22:15:37.870,"Parse Server is an open source backend that can be deployed to any infrastructure that can run Node.js. The MongoDB `explain()` method provides detailed information about query execution plans, including index usage, collection scanning behavior, and performance metrics. Prior to version 8.5.0-alpha.5, Parse Server permits any client to execute explain queries without requiring the master key. This exposes database schema structure and field names, index configurations and query optimization details, query execution statistics and performance metrics, and potential attack vectors for database performance exploitation. In version 8.5.0-alpha.5, a new `databaseOptions.allowPublicExplain` configuration option has been introduced that allows to restrict `explain` queries to the master key. The option defaults to `true` for now to avoid a breaking change in production systems that depends on public `explain` availability. In addition, a security warning is logged when the option is not explicitly set, or set to `true`. In a future major release of Parse Server, the default will change to `false`. As a workaround, implement middleware to block explain queries from non-master-key requests, or monitor and alert on explain query usage in production environments.",0.00416,0.34539,False,,,,,
CVE-2025-63291,5.4,MEDIUM,2025-11-14T19:16:01.163,"When processing API requests, the Alteryx server 2022.1.1.42654 and 2024.1 used MongoDB object IDs to uniquely identify the data being requested by the caller. The Alteryx server did not check whether the authenticated user had permission to access the specified MongoDB object ID. By specifying particlar MongoDB object IDs, callers could obtain records for other users without proper authorization. Records retrievable using this attack included administrative API keys and private studio api keys.",0.00241,0.1533,False,,,,,
CVE-2025-10702,,,2025-11-19T16:15:46.187,"Improper Control of Generation of Code ('Code Injection') vulnerability in Progress DataDirect Connect for JDBC drivers, Progress DataDirect Open Access JDBC driver and Hybrid Data Pipeline allows Remote Code Inclusion.


The SpyAttribute connection option implemented by the DataDirect Connect for JDBC drivers, DataDirect Hybrid Data Pipeline JDBC driver and the DataDirect OpenAccess JDBC driver supports an undocumented syntax construct for the option value that if discovered can be used by an attacker.  If an application allows an end user to specify a value for the SpyAttributes connection option then an attacker can use the undocumented syntax to cause the driver to load an arbitrary class on the class path and execute a constructor on that class.  


This issue affects:

DataDirect Connect for JDBC for Amazon Redshift: through 6.0.0.001392, fixed in 6.0.0.001541

DataDirect Connect for JDBC for Apache Cassandra: through 6.0.0.000805, fixed in 6.0.0.000833

DataDirect Connect for JDBC for Hive: through 6.0.1.001499, fixed in 6.0.1.001628

DataDirect Connect for JDBC for Apache Impala: through 6.0.0.001155, fixed in 6.0.0.001279

DataDirect Connect for JDBC for Apache SparkSQL: through 6.0.1.001222, fixed in 6.0.1.001344

DataDirect Connect for JDBC Autonomous REST Connector: through 6.0.1.006961, fixed in 6.0.1.007063

DataDirect Connect for JDBC for DB2: through 6.0.0.000717, fixed in 6.0.0.000964

DataDirect Connect for JDBC for Google Analytics 4: through 6.0.0.000454, fixed in 6.0.0.000525

DataDirect Connect for JDBC for Google BigQuery: through 6.0.0.002279, fixed in 6.0.0.002410
DataDirect Connect for JDBC for Greenplum: through 6.0.0.001712, fixed in 6.0.0.001727
DataDirect Connect for JDBC for Informix: through 6.0.0.000690, fixed in 6.0.0.0851


DataDirect Connect for JDBC for Microsoft Dynamics 365: through 6.0.0.003161, fixed in 6.0.0.3198

DataDirect Connect for JDBC for Microsoft SQLServer: through 6.0.0.001936, fixed in 6.0.0.001957

DataDirect Connect for JDBC for Microsoft Sharepoint: through 6.0.0.001559, fixed in 6.0.0.001587

DataDirect Connect for JDBC for MongoDB: through 6.1.0.001654, fixed in 6.1.0.001669

DataDirect Connect for JDBC for MySQL: through 5.1.4.000330, fixed in 5.1.4.000364

DataDirect Connect for JDBC for Oracle Database: through 6.0.0.001747, fixed in 6.0.0.001776

DataDirect Connect for JDBC for Oracle Eloqua: through 6.0.0.001438, fixed in 6.0.0.001458

DataDirect Connect for JDBC for Oracle Sales Cloud: through 6.0.0.001225, fixed in 6.0.0.001316

DataDirect Connect for JDBC for Oracle Service Cloud: through 5.1.4.000298, fixed in 5.1.4.000309
DataDirect Connect for JDBC for PostgreSQL: through 6.0.0.001843, fixed in 6.0.0.001856

DataDirect Connect for JDBC for Progress OpenEdge: through 5.1.4.000187, fixed in 5.1.4.000189

DataDirect Connect for JDBC for Salesforce: through 6.0.0.003020, fixed in 6.0.0.003125
DataDirect Connect for JDBC for SAP HANA: through 6.0.0.000879, product retired

DataDirect Connect for JDBC for SAP S/4 HANA: through 6.0.1.001818, fixed in 6.0.1.001858

DataDirect Connect for JDBC for Sybase ASE: through 5.1.4.000161, fixed in 5.1.4.000162

DataDirect Connect for JDBC for Snowflake: through 6.0.1.001821, fixed in 6.0.1.001856

DataDirect Hybrid Data Pipeline Server: through 4.6.2.3309, fixed in 4.6.2.3430

DataDirect Hybrid Data Pipeline JDBC Driver: through 4.6.2.0607, fixed in 4.6.2.1023

DataDirect Hybrid Data Pipeline On Premises Connector: through 4.6.2.1223, fixed in 4.6.2.1339
DataDirect Hybrid Data Pipeline Docker: through 4.6.2.3316, fixed in 4.6.2.3430

DataDirect OpenAccess JDBC Driver: through 8.1.0.0177, fixed in 8.1.0.0183

DataDirect OpenAccess JDBC Driver: through 9.0.0.0019, fixed in 9.0.0.0022",0.00292,0.21596,False,,,,,
CVE-2025-10703,,,2025-11-19T16:15:46.907,"Improper Control of Generation of Code ('Code Injection') vulnerability in Progress DataDirect Connect for JDBC drivers, Progress DataDirect Open Access JDBC driver and Hybrid Data Pipeline allows Remote Code Inclusion.

The SpyAttribute connection option implemented by the DataDirect Connect for JDBC drivers, DataDirect Hybrid Data Pipeline JDBC driver and the DataDirect OpenAccess JDBC driver log=(file) construct allows the user to specify an arbitrary file for the JDBC driver to write its log information to.  If an application allows an end user to specify a value for the SpyAttributes connection option then an attacker could cause java script to be written to a log file.  If the log file was in the correct location with the correct extension, an application server could see that log file as a resource to be served.  The attacker could fetch the resource from the server causing the java script to be executed.





This issue affects:



DataDirect Connect for JDBC for Amazon Redshift: through 6.0.0.001392, fixed in 6.0.0.001541

DataDirect Connect for JDBC for Apache Cassandra: through 6.0.0.000805, fixed in 6.0.0.000833

DataDirect Connect for JDBC for Hive: through 6.0.1.001499, fixed in 6.0.1.001628

DataDirect Connect for JDBC for Apache Impala: through 6.0.0.001155, fixed in 6.0.0.001279

DataDirect Connect for JDBC for Apache SparkSQL: through 6.0.1.001222, fixed in 6.0.1.001344

DataDirect Connect for JDBC Autonomous REST Connector: through 6.0.1.006961, fixed in 6.0.1.007063

DataDirect Connect for JDBC for DB2: through 6.0.0.000717, fixed in 6.0.0.000964

DataDirect Connect for JDBC for Google Analytics 4: through 6.0.0.000454, fixed in 6.0.0.000525

DataDirect Connect for JDBC for Google BigQuery: through 6.0.0.002279, fixed in 6.0.0.002410
DataDirect Connect for JDBC for Greenplum: through 6.0.0.001712, fixed in 6.0.0.001727
DataDirect Connect for JDBC for Informix: through 6.0.0.000690, fixed in 6.0.0.0851


DataDirect Connect for JDBC for Microsoft Dynamics 365: through 6.0.0.003161, fixed in 6.0.0.3198

DataDirect Connect for JDBC for Microsoft SQLServer: through 6.0.0.001936, fixed in 6.0.0.001957

DataDirect Connect for JDBC for Microsoft Sharepoint: through 6.0.0.001559, fixed in 6.0.0.001587

DataDirect Connect for JDBC for MongoDB: through 6.1.0.001654, fixed in 6.1.0.001669

DataDirect Connect for JDBC for MySQL: through 5.1.4.000330, fixed in 5.1.4.000364

DataDirect Connect for JDBC for Oracle Database: through 6.0.0.001747, fixed in 6.0.0.001776

DataDirect Connect for JDBC for Oracle Eloqua: through 6.0.0.001438, fixed in 6.0.0.001458

DataDirect Connect for JDBC for Oracle Sales Cloud: through 6.0.0.001225, fixed in 6.0.0.001316

DataDirect Connect for JDBC for Oracle Service Cloud: through 5.1.4.000298, fixed in 5.1.4.000309
DataDirect Connect for JDBC for PostgreSQL: through 6.0.0.001843, fixed in 6.0.0.001856


DataDirect Connect for JDBC for Progress OpenEdge: through 5.1.4.000187, fixed in 5.1.4.000189

DataDirect Connect for JDBC for Salesforce: through 6.0.0.003020, fixed in 6.0.0.003125
DataDirect Connect for JDBC for SAP HANA: through 6.0.0.000879, product retired

DataDirect Connect for JDBC for SAP S/4 HANA: through 6.0.1.001818, fixed in 6.0.1.001858

DataDirect Connect for JDBC for Sybase ASE: through 5.1.4.000161, fixed in 5.1.4.000162

DataDirect Connect for JDBC for Snowflake: through 6.0.1.001821, fixed in 6.0.1.001856

DataDirect Hybrid Data Pipeline Server: through 4.6.2.3309, fixed in 4.6.2.3430

DataDirect Hybrid Data Pipeline JDBC Driver: through 4.6.2.0607, fixed in 4.6.2.1023

DataDirect Hybrid Data Pipeline On Premises Connector: through 4.6.2.1223, fixed in 4.6.2.1339
DataDirect Hybrid Data Pipeline Docker: through 4.6.2.3316, fixed in 4.6.2.3430

DataDirect OpenAccess JDBC Driver: through 8.1.0.0177, fixed in 8.1.0.0183

DataDirect OpenAccess JDBC Driver: through 9.0.0.0019, fixed in 9.0.0.0022",0.00292,0.21596,False,,,,,
CVE-2025-12893,4.2,MEDIUM,2025-11-25T05:15:59.700,"Clients may successfully perform a TLS handshake with a MongoDB server despite presenting a client certificate not aligning with the documented Extended Key Usage (EKU) requirements. A certificate that specifies extendedKeyUsage but is missing extendedKeyUsage = clientAuth may still be successfully authenticated via the TLS handshake as a client. This issue is specific to MongoDB servers running on Windows or Apple as the expected validation behavior functions correctly on Linux systems.

Additionally, MongoDB servers may successfully establish egress TLS connections with servers that present server certificates not aligning with the documented Extended Key Usage (EKU) requirements. A certificate that specifies extendedKeyUsage but is missing extendedKeyUsage = serverAuth may still be successfully authenticated via the TLS handshake as a server. This issue is specific to MongoDB servers running on Apple as the expected validation behavior functions correctly on both Linux and Windows systems. 

This vulnerability affects MongoDB Server v7.0 versions prior to 7.0.26, MongoDB Server v8.0 versions prior to 8.0.16 and MongoDB Server v8.2 versions prior to 8.2.2",0.00091,0.00556,False,,,,,
CVE-2025-13507,6.5,MEDIUM,2025-11-25T05:16:09.090,"Inconsistent object size validation in time series processing logic may result in later processing of oversized BSON documents leading to an assert failing and process termination. 
This issue impacts MongoDB Server v7.0 versions prior to 7.0.26, v8.0 versions prior to 8.0.16 and MongoDB server v8.2 versions prior to 8.2.1.",0.00279,0.202,False,,,,,
CVE-2025-13643,3.1,LOW,2025-11-25T06:15:45.580,A user with access to the cluster with a limited set of privilege actions may be able to terminate queries that are being executed by other users. This may cause a denial of service by preventing a fraction of queries from successfully completing. This issue affects MongoDB Server v7.0 versions prior to 7.0.26 and MongoDB Server v8.0 versions prior to 8.0.14,0.00215,0.12029,False,,,,,
CVE-2025-13644,6.5,MEDIUM,2025-11-25T06:15:45.753,"MongoDB Server may experience an invariant failure during batched delete operations when handling documents. The issue arises when the server mistakenly assumes the presence of multiple documents in a batch based solely on document size exceeding BSONObjMaxSize. This issue affects MongoDB Server v7.0 versions prior to 7.0.26, MongoDB Server v8.0 versions prior to 8.0.13, and MongoDB Server v8.1 versions prior to 8.1.2",0.00281,0.20487,False,,,,,
CVE-2025-14345,4.2,MEDIUM,2025-12-09T16:17:41.153,"A post-authentication flaw in the network two-phase commit protocol used for cross-shard transactions in MongoDB Server may lead to logical data inconsistencies under specific conditions which are not predictable and exist for a very short period of time. This error can cause the transaction coordination logic to misinterpret the transaction as committed, resulting in inconsistent state on those shards. This may lead to low integrity and availability impact.

This issue impacts MongoDB Server v8.0 versions prior to 8.0.16, MongoDB Server v7.0 versions prior to 7.0.26 and MongoDB server v8.2 versions prior to 8.2.2.",0.00219,0.12513,False,,,,,
CVE-2025-14847,7.5,HIGH,2025-12-19T11:15:49.277,"Mismatched length fields in Zlib compressed protocol headers may allow a read of uninitialized heap memory by an unauthenticated client. This issue affects all MongoDB Server v7.0 prior to 7.0.28 versions, MongoDB Server v8.0 versions prior to 8.0.17, MongoDB Server v8.2 versions prior to 8.2.3, MongoDB Server v6.0 versions prior to 6.0.27, MongoDB Server v5.0 versions prior to 5.0.32, MongoDB Server v4.4 versions prior to 4.4.30, MongoDB Server v4.2 versions greater than or equal to 4.2.0, MongoDB Server v4.0 versions greater than or equal to 4.0.0, and MongoDB Server v3.6 versions greater than or equal to 3.6.0.",0.83007,0.99647,True,2025-12-29,Unknown,MongoDB and MongoDB Server Improper Handling of Length Parameter Inconsistency Vulnerability,MongoDB Server contains an improper handling of length parameter inconsistency vulnerability in Zlib compressed protocol headers. This vulnerability may allow a read of uninitialized heap memory by an unauthenticated client.,"Apply mitigations per vendor instructions, follow applicable BOD 22-01 guidance for cloud services, or discontinue use of the product if mitigations are unavailable."
CVE-2026-21868,7.5,HIGH,2026-01-08T01:15:55.483,"Flag Forge is a Capture The Flag (CTF) platform. Versions 2.3.2 and below have a Regular Expression Denial of Service (ReDoS) vulnerability in the user profile API endpoint (/api/user/[username]). The application constructs a regular expression dynamically using unescaped user input (the username parameter). An attacker can exploit this by sending a specially crafted username containing regex meta-characters (e.g., deeply nested groups or quantifiers), causing the MongoDB regex engine to consume excessive CPU resources. This can lead to Denial of Service for other users. The issue is fixed in version 2.3.3. To workaround this issue, implement a Web Application Firewall (WAF) rule to block requests containing regex meta-characters in the URL path.",0.00273,0.19553,False,,,,,
CVE-2026-0529,6.5,MEDIUM,2026-01-14T10:16:08.813,Improper Validation of Array Index (CWE-129) in Packetbeat’s MongoDB protocol parser can allow an attacker to cause Overflow Buffers (CAPEC-100) through specially crafted network traffic. This requires an attacker to send a malformed payload to a monitored network interface where MongoDB protocol parsing is enabled.,0.00207,0.10968,False,,,,,
CVE-2025-14911,6.5,MEDIUM,2026-01-27T18:15:52.603,User-controlled chunkSize metadata from MongoDB lacks appropriate validation allowing malformed GridFS metadata to overflow the bounding container.,0.00275,0.19802,False,,,,,
CVE-2026-25611,7.5,HIGH,2026-02-10T18:16:37.450,"A series of specifically crafted, unauthenticated messages can exhaust available memory and crash a MongoDB server.",0.00782,0.52762,False,,,,,
CVE-2026-25612,6.5,MEDIUM,2026-02-10T18:16:37.623,The internal locking mechanism of the MongoDB server uses an internal encoding of the resources in order to choose what lock to take. Collections may inadvertently collide with one another in this representation causing unavailability between them due to conflicting locks.,0.00199,0.09917,False,,,,,
CVE-2026-1849,6.5,MEDIUM,2026-02-10T19:15:51.477,MongoDB Server may experience an out-of-memory failure while evaluating expressions that produce deeply nested documents. The issue arises in recursive functions because the server does not periodically check the depth of the expression.,0.00272,0.19467,False,,,,,
CVE-2026-1850,6.5,MEDIUM,2026-02-10T19:15:51.633,Complex queries can cause excessive memory usage in MongoDB Query Planner resulting in an Out-Of-Memory Crash.,0.00243,0.15548,False,,,,,
CVE-2026-25613,6.5,MEDIUM,2026-02-10T19:16:04.267,An authorized user may disable the MongoDB server by issuing a query against a collection that contains an invalid compound wildcard index.,0.0024,0.1522,False,,,,,
CVE-2026-3431,9.8,CRITICAL,2026-03-02T13:16:05.197,"On SimStudio version below to 0.5.74, the MongoDB tool endpoints accept arbitrary connection parameters from the caller without authentication or host restrictions. An attacker can leverage these endpoints to connect to any reachable MongoDB instance and perform unauthorized operations including reading, modifying, and deleting data.",0.00352,0.28127,False,,,,,
CVE-2026-25887,7.2,HIGH,2026-03-06T05:16:29.690,"Chartbrew is an open-source web application that can connect directly to databases and APIs and use the data to create charts. Prior to version 4.8.1, there is a remote code execution vulnerability via the MongoDB dataset Query. This issue has been patched in version 4.8.1.",0.00839,0.54605,False,,,,,
CVE-2026-30833,5.3,MEDIUM,2026-03-06T18:16:22.013,"Rocket.Chat is an open-source, secure, fully customizable communications platform. Prior to versions 7.10.8, 7.11.5, 7.12.5, 7.13.4, 8.0.2, 8.1.1, and 8.2.0, a NoSQL injection vulnerability exists in Rocket.Chat's account service used in the ddp-streamer micro service that allows unauthenticated attackers to manipulate MongoDB queries during authentication. The vulnerability is located in the username-based login flow where user-supplied input is directly embedded into a MongoDB query selector without validation. An attacker can inject MongoDB operator expressions (e.g., { $regex: '.*' }) in place of a username string, causing the database query to match unintended user records. This issue has been patched in versions 7.10.8, 7.11.5, 7.12.5, 7.13.4, 8.0.2, 8.1.1, and 8.2.0.",0.00268,0.18902,False,,,,,
CVE-2026-30941,7.5,HIGH,2026-03-10T18:18:53.943,"Parse Server is an open source backend that can be deployed to any infrastructure that can run Node.js. Prior to 8.6.14 and 9.5.2-alpha.1, NoSQL injection vulnerability allows an unauthenticated attacker to inject MongoDB query operators via the token field in the password reset and email verification resend endpoints. The token value is passed to database queries without type validation and can be used to extract password reset and email verification tokens. Any Parse Server deployment using MongoDB with email verification or password reset enabled is affected. When emailVerifyTokenReuseIfValid is configured, the email verification token can be fully extracted and used to verify a user's email address without inbox access. This vulnerability is fixed in 8.6.14 and 9.5.2-alpha.1.",0.00455,0.37548,False,,,,,
CVE-2026-29793,9.8,CRITICAL,2026-03-10T20:16:39.437,"Feathersjs is a framework for creating web APIs and real-time applications with TypeScript or JavaScript.  From 5.0.0 to before 5.0.42, Socket.IO clients can send arbitrary JavaScript objects as the id argument to any service method (get, patch, update, remove). The transport layer performs no type checking on this argument. When the service uses the MongoDB adapter, these objects pass through getObjectId() and land directly in the MongoDB query as operators. Sending {$ne: null} as the id matches every document in the collection. This vulnerability is fixed in 5.0.42.",0.00461,0.37896,False,,,,,
CVE-2026-31827,,,2026-03-10T22:16:20.633,"Alienbin is an anonymous code and text sharing web service. In 1.0.0 and earlier, the /save endpoint in server.js drops and recreates the MongoDB TTL index on the entire post collection for every new paste submission. When User B submits a paste with a short TTL (e.g., 30 seconds), the TTL index is recreated with expireAfterSeconds: 30 for all documents in the collection. This causes User A's paste (originally set to 7 days) to be deleted after 30 seconds. An attacker can intentionally delete all existing pastes by repeatedly submitting pastes with ttlOption=30s.",0.0018,0.07793,False,,,,,
CVE-2026-31856,9.8,CRITICAL,2026-03-11T18:16:24.170,"Parse Server is an open source backend that can be deployed to any infrastructure that can run Node.js. A SQL injection vulnerability exists in the PostgreSQL storage adapter when processing Increment operations on nested object fields using dot notation (e.g., stats.counter). The amount value is interpolated directly into the SQL query without parameterization or type validation. An attacker who can send write requests to the Parse Server REST API can inject arbitrary SQL subqueries to read any data from the database, bypassing CLPs and ACLs. MongoDB deployments are not affected. This vulnerability is fixed in 9.6.0-alpha.3 and 8.6.29.",0.00418,0.34655,False,,,,,
CVE-2026-31872,7.5,HIGH,2026-03-11T18:16:26.830,"Parse Server is an open source backend that can be deployed to any infrastructure that can run Node.js. Prior to 9.6.0-alpha.6 and 8.6.32, the protectedFields class-level permission (CLP) can be bypassed using dot-notation in query WHERE clauses and sort parameters. An attacker can use dot-notation to query or sort by sub-fields of a protected field, enabling a binary oracle attack to enumerate protected field values. This affects both MongoDB and PostgreSQL deployments. This vulnerability is fixed in 9.6.0-alpha.6 and 8.6.32.",0.00367,0.29657,False,,,,,
CVE-2026-32248,9.8,CRITICAL,2026-03-12T20:16:05.357,"Parse Server is an open source backend that can be deployed to any infrastructure that can run Node.js. Prior to 9.6.0-alpha.12 and 8.6.38, an unauthenticated attacker can take over any user account that was created with an authentication provider that does not validate the format of the user identifier (e.g. anonymous authentication). By sending a crafted login request, the attacker can cause the server to perform a pattern-matching query instead of an exact-match lookup, allowing the attacker to match an existing user and obtain a valid session token for that user's account. Both MongoDB and PostgreSQL database backends are affected. Any Parse Server deployment that allows anonymous authentication (enabled by default) is vulnerable. This vulnerability is fixed in 9.6.0-alpha.12 and 8.6.38.",0.00627,0.46925,False,,,,,
CVE-2026-4359,2.0,LOW,2026-03-17T20:16:15.233,A compromised third party cloud server or man-in-the-middle attacker could send a malformed HTTP response and cause a crash in applications using the MongoDB C driver.,0.00187,0.08505,False,,,,,
CVE-2026-32730,8.1,HIGH,2026-03-18T23:17:29.370,"ApostropheCMS is an open-source content management framework. Prior to version 4.28.0, the bearer token authentication middleware in `@apostrophecms/express/index.js` (lines 386-389) contains an incorrect MongoDB query that allows incomplete login tokens — where the password was verified but TOTP/MFA requirements were NOT — to be used as fully authenticated bearer tokens. This completely bypasses multi-factor authentication for any ApostropheCMS deployment using `@apostrophecms/login-totp` or any custom `afterPasswordVerified` login requirement. Version 4.28.0 fixes the issue.",0.00362,0.2914,False,,,,,
CVE-2026-33539,7.2,HIGH,2026-03-24T19:16:54.853,"Parse Server is an open source backend that can be deployed to any infrastructure that can run Node.js. Prior to versions 8.6.59 and 9.6.0-alpha.53, an attacker with master key access can execute arbitrary SQL statements on the PostgreSQL database by injecting SQL metacharacters into field name parameters of the aggregate $group pipeline stage or the distinct operation. This allows privilege escalation from Parse Server application-level administrator to PostgreSQL database-level access. Only Parse Server deployments using PostgreSQL are affected. MongoDB deployments are not affected. This issue has been patched in versions 8.6.59 and 9.6.0-alpha.53.",0.00452,0.37323,False,,,,,
CVE-2026-5170,5.3,MEDIUM,2026-03-30T16:16:10.610,"A user with access to the cluster with a limited set of privilege actions can trigger a crash of a mongod process during the limited and unpredictable window when the cluster is being promoted from a replica set to a sharded cluster. This may cause a denial of service by taking down the primary of the replica set.

This issue affects MongoDB Server v8.2 versions prior to 8.2.2, MongoDB Server v8.0 versions between 8.0.18, MongoDB Server v7.0 versions between 7.0.31.",0.00203,0.10513,False,,,,,
CVE-2026-34163,7.7,HIGH,2026-03-31T15:16:17.170,"FastGPT is an AI Agent building platform. Prior to version 4.14.9.5, FastGPT's MCP (Model Context Protocol) tools endpoints (/api/core/app/mcpTools/getTools and /api/core/app/mcpTools/runTool) accept a user-supplied URL parameter and make server-side HTTP requests to it without validating whether the URL points to an internal/private network address. Although the application has a dedicated isInternalAddress() function for SSRF protection (used in other endpoints like the HTTP workflow node), the MCP tools endpoints do not call this function. An authenticated attacker can use these endpoints to scan internal networks, access cloud metadata services, and interact with internal services such as MongoDB and Redis. This issue has been patched in version 4.14.9.5.",0.00283,0.20679,False,,,,,
CVE-2026-6231,4.3,MEDIUM,2026-04-13T16:16:36.570,"The bson_validate function may return early on specific inputs and incorrectly report success. This behavior could result in skipping validation for BSON data, allowing malformed or invalid UTF-8 sequences to bypass validation and be processed incorrectly. The issue may affect applications that rely on these functions to validate untrusted BSON data before further processing. This issue affects MongoDB C Driver versions prior to 1.30.5, MongoDB C Driver version 2.0.0 and MongoDB C Driver version 2.0.1",0.00184,0.08251,False,,,,,
CVE-2026-33877,3.7,LOW,2026-04-15T20:16:35.517,"ApostropheCMS is an open-source Node.js content management system. Versions 4.28.0 and prior contain a timing side-channel vulnerability in the password reset endpoint (/api/v1/@apostrophecms/login/reset-request) that allows unauthenticated username and email enumeration. When a user is not found, the handler returns after a fixed 2-second artificial delay, but when a valid user is found, it performs a MongoDB update and SMTP email send with no equivalent delay normalization, producing measurably different response times. The endpoint also accepts both username and email via an $or query, and has no rate limiting as the existing checkLoginAttempts throttle only applies to the login flow. This enables automated enumeration of valid accounts for use in credential stuffing or targeted phishing. Only instances that have explicitly enabled the passwordReset option are affected, as it defaults to false. This issue has been fixed in version 4.29.0.",0.00365,0.29453,False,,,,,
CVE-2026-33888,5.3,MEDIUM,2026-04-15T20:16:35.677,"ApostropheCMS is an open-source Node.js content management system. Versions 4.28.0 and prior contain an authorization bypass vulnerability in the getRestQuery method of the @apostrophecms/piece-type module, where the method checks whether a MongoDB projection has already been set before applying the admin-configured publicApiProjection. An unauthenticated attacker can supply a project query parameter in the REST API request, which is processed by applyBuildersSafely before the permission check, pre-populating the projection state and causing the publicApiProjection to be skipped entirely. This allows disclosure of any field on publicly queryable documents that the administrator explicitly restricted from the public API, such as internal notes, draft content, or metadata. Exploitation is trivial, requiring only appending query parameters to a public URL with no authentication. This issue has been fixed in version 4.29.0.",0.00512,0.41114,False,,,,,
CVE-2026-39857,5.3,MEDIUM,2026-04-15T20:16:36.567,"ApostropheCMS is an open-source Node.js content management system. Versions 4.28.0 and prior contain an authorization bypass vulnerability in the choices and counts query parameters of the REST API, where these query builders execute MongoDB distinct() operations that bypass the publicApiProjection restrictions intended to limit which fields are exposed publicly. The choices and counts parameters are processed via applyBuildersSafely before the projection is applied, and MongoDB's distinct operation does not respect projections, returning all distinct values directly. The results are returned in the API response without any filtering against publicApiProjection or removeForbiddenFields. An unauthenticated attacker can extract all distinct field values for any schema field type that has a registered query builder, including string, integer, float, select, boolean, date, slug, and relationship fields. Fields protected with viewPermission are similarly exposed, and the counts variant additionally reveals how many documents have each distinct value. Both the piece-type and page REST APIs are affected. This issue has been fixed in version 4.29.0.",0.00435,0.36084,False,,,,,
CVE-2026-40351,9.8,CRITICAL,2026-04-17T22:16:32.793,"FastGPT is an AI Agent building platform. In versions prior to 4.14.9.5, the password-based login endpoint uses TypeScript type assertion without runtime validation, allowing an unauthenticated attacker to pass a MongoDB query operator object (e.g., {""$ne"": """"}) as the password field. This NoSQL injection bypasses the password check, enabling login as any user including the root administrator. This issue has been fixed in version 4.14.9.5.",0.00627,0.46944,False,,,,,
CVE-2026-40352,8.8,HIGH,2026-04-17T22:16:32.940,"FastGPT is an AI Agent building platform. In versions prior to 4.14.9.5, the password change endpoint is vulnerable to NoSQL injection. An authenticated attacker can bypass the ""old password"" verification by injecting MongoDB query operators. This allows an attacker who has gained a low-privileged session to change the password of their account (or others if combined with ID manipulation) without knowing the current one, leading to full account takeover and persistence. This issue has been fixed in version 4.14.9.5.",0.0038,0.31037,False,,,,,
CVE-2026-6914,6.5,MEDIUM,2026-04-29T17:16:41.230,"Computing the MD5 checksum of a malformed BSON object under specific conditions may cause loss of availability in MongoDB server.
This issue affects all MongoDB Server v8.2 versions, all MongoDB Server v8.1 versions, MongoDB Server v8.0 versions prior to 8.0.21, MongoDB Server v7.0 versions prior to 7.0.32",0.00255,0.171,False,,,,,
CVE-2026-6691,7.8,HIGH,2026-05-06T16:16:11.483,"The MongoDB C Driver's Cyrus SASL integration performs unsafe string copying during username canonicalization, enabling a heap buffer overflow before any authentication or network traffic. This may be triggered by passing untrusted input in the username of a MongoDB URI with authMechanism=GSSAPI.",0.00126,0.02693,False,,,,,
CVE-2026-8063,6.5,MEDIUM,2026-05-07T06:16:05.723,"An authenticated user can crash mongod when running $rankFusion or $scoreFusion with an empty pipeline on a view.

When resolving a view, the server inspects the aggregation pipeline to determine whether it begins with an Atlas Search stage. For $rankFusion and $scoreFusion, this inspection reads the first element on each stage’s input pipeline array without first verifying that the array is non-empty. Supplying an empty pipeline causes a null pointer dereference and crashes the server.

This issue affects MongoDB Server 8.2 versions prior to 8.2.7.",0.0023,0.13868,False,,,,,
CVE-2026-8431,7.2,HIGH,2026-05-12T19:16:34.847,"An administrative user with access to configure webhooks can execute arbitrary commands by configuring and then triggering webhooks containing specific FreeMarker template syntax. 



This issue affects all MongoDB Ops Manager 7.0 versions and MongoDB Ops Manager versions 8.0.22 and prior.",0.00371,0.3013,False,,,,,
CVE-2026-8053,8.8,HIGH,2026-05-13T04:17:41.287,"An issue in MongoDB Server's time-series collection implementation allows an authenticated user with database write privileges to trigger an out-of-bounds memory write in the mongod process. The issue results from an inconsistency in the internal field-name-to-index mapping within the time-series bucket catalog. Under certain conditions this can result in arbitrary code execution.

This issue impacts MongoDB Server v5.0 versions prior to 5.0.33, v6.0 versions prior to 6.0.28, v7.0 versions prior to 7.0.34, v8.0 versions prior to 8.0.23, v8.2 versions prior to 8.2.9 and v8.3 versions prior to 8.3.2.",0.0057,0.44266,False,,,,,
CVE-2026-8199,6.5,MEDIUM,2026-05-13T04:17:41.530,"An authenticated user can cause excess memory usage via bitwise match expression AST processing of $bitsAllSet, $bitsAnySet, $bitsAllClear, and $bitsAnyClear. This contributes to memory pressure and may lead to availability loss by OOM.

This issue impacts MongoDB Server v7.0 versions prior to 7.0.34, v8.0 versions prior to 8.0.23, v8.2 versions prior to 8.2.9 and v8.3 versions prior to 8.3.2.",0.00258,0.17507,False,,,,,
CVE-2026-8200,2.7,LOW,2026-05-13T04:17:41.700,"When schema validation is enabled on a collection and an update or insert would violate the collection's schema, the local server log message generated may not have all user data redacted. 


This issue impacts MongoDB Server v7.0 versions prior to 7.0.34, v8.0 versions prior to 8.0.23, v8.2 versions prior to 8.2.9 and v8.3 versions prior to 8.3.2.",0.00204,0.1056,False,,,,,
CVE-2026-8201,6.4,MEDIUM,2026-05-13T04:17:41.870,"A use-after-free vulnerability exists in MongoDB's Field-Level Encryption (FLE) query analysis component, affecting client-side uses of mongocryptd and crypt_shared. Triggering this vulnerability requires control over the structure of a client's FLE-related query.

This issue impacts MongoDB Server’s mongocryptd component v7.0 versions prior to 7.0.34, v8.0 versions prior to 8.0.23, v8.2 versions prior to 8.2.9 and v8.3 versions prior to 8.3.2.",0.00129,0.02933,False,,,,,
